pool,model,n,mean,se
Branin-Fav,MFGP,40,0.9118131868131869,0.00802993984942778
Branin-Fav,Sparse MFGP,36,0.5892857142857135,0.04010924794412709
Branin-Fav,DKL,40,0.9134615384615387,0.006539029788415694
Branin-Fav,Sequential,40,0.5603021978021967,0.04060572984118634
Branin-Fav,Feature-extraction transfer,40,0.5713598901098891,0.04119675407694764
Branin-Fav,End-to-End Joint,40,0.6877747252747248,0.03306821931422766
Branin-Fav,Progressive,40,0.28736263736263673,0.047262022620687336
Branin-Fav,Pretrain-then-Joint,40,0.47307692307692273,0.049354105884023204
Branin-Fav,Stop-Gradient Joint,40,0.5859890109890101,0.03948079374172916
Branin-Fav,Domain Adaptation (MMD),40,0.37376373626373516,0.03240082563560166
Branin-Fav,Soft Parameter Sharing,40,0.4688873626373618,0.04103105602436915
Branin-Fav,Adapter,40,0.5752747252747247,0.041746491984888126
Branin-Unfav,MFGP,40,0.756043956043956,0.02274037081305701
Branin-Unfav,Sparse MFGP,39,0.22449985911524373,0.0347901356364746
Branin-Unfav,DKL,40,0.626717032967033,0.024053237317741737
Branin-Unfav,Sequential,40,0.24065934065934064,0.04859826814870785
Branin-Unfav,Feature-extraction transfer,40,0.2603021978021978,0.048837198959130024
Branin-Unfav,End-to-End Joint,40,0.35776098901098907,0.050844684459257376
Branin-Unfav,Progressive,40,0.010989010989010988,0.005127387428267186
Branin-Unfav,Pretrain-then-Joint,40,0.025206043956043957,0.02061094277026313
Branin-Unfav,Stop-Gradient Joint,40,0.3478021978021978,0.04857197919820898
Branin-Unfav,Domain Adaptation (MMD),40,0.08894230769230768,0.0251779665314898
Branin-Unfav,Soft Parameter Sharing,40,0.10542582417582418,0.0325689320700026
Branin-Unfav,Adapter,40,0.23990384615384616,0.04458935796697941
Park-Fav,MFGP,40,0.6153846153846145,0.01802675372607209
Park-Fav,Sparse MFGP,40,0.8343406593406592,0.019022897372497984
Park-Fav,DKL,40,0.8543956043956046,0.010356179601582234
Park-Fav,Sequential,40,0.7835164835164834,0.016791524488113784
Park-Fav,Feature-extraction transfer,40,0.782142857142857,0.017316635061255966
Park-Fav,End-to-End Joint,40,0.8359890109890109,0.015041598792469984
Park-Fav,Progressive,40,0.9456043956043956,0.0019653802218391465
Park-Fav,Pretrain-then-Joint,40,0.939010989010989,0.0034064116149604947
Park-Fav,Stop-Gradient Joint,40,0.7370879120879117,0.02166724305986242
Park-Fav,Domain Adaptation (MMD),40,0.8074175824175824,0.014611387920476586
Park-Fav,Soft Parameter Sharing,40,0.9412087912087912,0.0031612542748593285
Park-Fav,Adapter,40,0.7815934065934063,0.018948692021329712
Park-Unfav,MFGP,40,0.7739010989010989,0.023617648627818674
Park-Unfav,Sparse MFGP,40,0.8876373626373626,0.011761305931602005
Park-Unfav,DKL,40,0.8420329670329672,0.01731126996348153
Park-Unfav,Sequential,40,0.8508241758241759,0.019538802178668276
Park-Unfav,Feature-extraction transfer,40,0.85,0.019541426707793484
Park-Unfav,End-to-End Joint,40,0.8598901098901098,0.01771378614318005
Park-Unfav,Progressive,40,0.8642857142857142,0.01582976131034919
Park-Unfav,Pretrain-then-Joint,40,0.849175824175824,0.019033474520424386
Park-Unfav,Stop-Gradient Joint,40,0.8552197802197803,0.018820390882688623
Park-Unfav,Domain Adaptation (MMD),40,0.8013736263736263,0.01999889882371937
Park-Unfav,Soft Parameter Sharing,40,0.8678571428571431,0.017673262686086936
Park-Unfav,Adapter,40,0.8513736263736265,0.018295230928296623
COFs,MFGP,40,0.9022000565930955,0.007509412871575956
COFs,Sparse MFGP,40,0.9231571873231464,0.006334395457166702
COFs,DKL,40,0.9194314751933597,0.006976150594337548
COFs,Sequential,40,0.9189657611771362,0.00665507004651813
COFs,Feature-extraction transfer,40,0.9189657611771362,0.0066550700465181295
COFs,End-to-End Joint,40,0.9198971892095831,0.006084062430983823
COFs,Progressive,40,0.9045286266742124,0.0069377802760091905
COFs,Pretrain-then-Joint,40,0.9124457649500094,0.006841319429527446
COFs,Stop-Gradient Joint,40,0.9231571873231463,0.00593554107655011
COFs,Domain Adaptation (MMD),40,0.9338686096962835,0.00643067699097432
COFs,Soft Parameter Sharing,40,0.8998714865119787,0.007967553037986701
COFs,Adapter,40,0.9254857574042632,0.00581485373194765
FreeSolv,MFGP,40,0.9377450980392158,0.004543857918288467
FreeSolv,Sparse MFGP,40,0.898529411764706,0.010986663708506022
FreeSolv,DKL,40,0.9200980392156864,0.007735163646107588
FreeSolv,Sequential,40,0.9338235294117648,0.005424056653424634
FreeSolv,Feature-extraction transfer,40,0.9303921568627453,0.0070888557265182724
FreeSolv,End-to-End Joint,40,0.9367647058823533,0.004735093475727623
FreeSolv,Progressive,40,0.9377450980392158,0.004543857918288467
FreeSolv,Pretrain-then-Joint,40,0.9328431372549023,0.006391856893028466
FreeSolv,Stop-Gradient Joint,40,0.9338235294117648,0.005424056653424634
FreeSolv,Domain Adaptation (MMD),40,0.9284313725490199,0.008234037108692513
FreeSolv,Soft Parameter Sharing,40,0.9377450980392158,0.004543857918288467
FreeSolv,Adapter,40,0.9279411764705884,0.0074759280423003106
Polarizability,MFGP,40,0.9535469171917192,0.011211110659905727
Polarizability,Sparse MFGP,40,0.8438660272277227,0.032958519020838864
Polarizability,DKL,40,0.9449444944494448,0.009937041907512732
Polarizability,Sequential,40,0.962579461071107,0.005436724890915964
Polarizability,Feature-extraction transfer,40,0.9625794610711071,0.005436724890915964
Polarizability,End-to-End Joint,40,0.9625794610711071,0.005436724890915964
Polarizability,Progressive,40,0.9625794610711071,0.005436724890915964
Polarizability,Pretrain-then-Joint,40,0.962579461071107,0.005436724890915964
Polarizability,Stop-Gradient Joint,40,0.9625794610711071,0.005436724890915964
Polarizability,Domain Adaptation (MMD),40,0.9625794610711071,0.005436724890915964
Polarizability,Soft Parameter Sharing,40,0.962579461071107,0.005436724890915964
Polarizability,Adapter,40,0.962579461071107,0.005436724890915964
HOPV15,MFGP,40,0.3174528301886793,0.0632412502481276
HOPV15,Sparse MFGP,40,0.08018867924528286,0.04215614222549458
HOPV15,DKL,40,0.21603773584905667,0.05482541430412417
HOPV15,Sequential,40,0.40047169811320743,0.05658961079065811
HOPV15,Feature-extraction transfer,40,0.4047169811320753,0.05512066856686201
HOPV15,End-to-End Joint,40,0.33207547169811286,0.054075110118233696
HOPV15,Progressive,40,0.17924528301886786,0.05159680587710367
HOPV15,Pretrain-then-Joint,40,0.2924528301886792,0.052565165651038664
HOPV15,Stop-Gradient Joint,40,0.3755896226415093,0.05604406173113346
HOPV15,Domain Adaptation (MMD),40,0.33066037735849046,0.055946790016587075
HOPV15,Soft Parameter Sharing,40,0.2452830188679246,0.054164503071952565
HOPV15,Adapter,40,0.2249999999999995,0.05440994339533471
Matbench-Gap,MFGP,40,0.24513888888888818,0.035883918194824276
Matbench-Gap,Sparse MFGP,40,0.3217592592592585,0.039821094824851855
Matbench-Gap,DKL,40,0.26898148148148093,0.0401772276487548
Matbench-Gap,Sequential,40,0.37268518518518456,0.03590498981217128
Matbench-Gap,Feature-extraction transfer,40,0.363194444444444,0.03783925757173688
Matbench-Gap,End-to-End Joint,40,0.381018518518518,0.04042487140264304
Matbench-Gap,Progressive,40,0.38912037037036956,0.03493797719205553
Matbench-Gap,Pretrain-then-Joint,40,0.4210648148148139,0.03392036687593351
Matbench-Gap,Stop-Gradient Joint,40,0.4092592592592588,0.038758656807765184
Matbench-Gap,Domain Adaptation (MMD),40,0.37407407407407317,0.027169260650224514
Matbench-Gap,Soft Parameter Sharing,40,0.43495370370370284,0.03585250790012765
Matbench-Gap,Adapter,40,0.46249999999999947,0.040177227648754844
ExptGap-PBE,MFGP,40,0.3328703703703697,0.03055330720669909
ExptGap-PBE,Sparse MFGP,40,0.3372685185185179,0.02750916240641703
ExptGap-PBE,DKL,40,0.28981481481481436,0.03707885815480226
ExptGap-PBE,Sequential,40,0.3773148148148143,0.021121516362437222
ExptGap-PBE,Feature-extraction transfer,40,0.3821759259259253,0.022517495367041354
ExptGap-PBE,End-to-End Joint,40,0.3648148148148141,0.02706387134436779
ExptGap-PBE,Progressive,40,0.383564814814814,0.03396068577500887
ExptGap-PBE,Pretrain-then-Joint,40,0.37847222222222154,0.028887662779578802
ExptGap-PBE,Stop-Gradient Joint,40,0.40555555555555517,0.027279078301424963
ExptGap-PBE,Domain Adaptation (MMD),40,0.39791666666666614,0.03380107275435327
ExptGap-PBE,Soft Parameter Sharing,40,0.40972222222222143,0.03289009346352052
ExptGap-PBE,Adapter,40,0.3486111111111106,0.028590035479738776
Elastic-CHGNet,MFGP,40,0.49282407407407336,0.044351962753659574
Elastic-CHGNet,Sparse MFGP,40,0.5736111111111105,0.04901103971913408
Elastic-CHGNet,DKL,40,0.6043981481481475,0.0420186508554761
Elastic-CHGNet,Sequential,40,0.4932870370370364,0.04189290103717678
Elastic-CHGNet,Feature-extraction transfer,40,0.5249999999999994,0.04183935933698707
Elastic-CHGNet,End-to-End Joint,40,0.507175925925925,0.043617272299849984
Elastic-CHGNet,Progressive,40,0.3606481481481474,0.03593436608447218
Elastic-CHGNet,Pretrain-then-Joint,40,0.38148148148148076,0.03904966088990732
Elastic-CHGNet,Stop-Gradient Joint,40,0.6219907407407403,0.04148939749352247
Elastic-CHGNet,Domain Adaptation (MMD),40,0.5532407407407403,0.04460188706761088
Elastic-CHGNet,Soft Parameter Sharing,40,0.3337962962962956,0.030918073822196915
Elastic-CHGNet,Adapter,40,0.5541666666666663,0.044973443971492354
Elastic-SevenNet,MFGP,40,0.568055555555555,0.0394129741505484
Elastic-SevenNet,Sparse MFGP,40,0.7247685185185186,0.030098504605906948
Elastic-SevenNet,DKL,40,0.6784722222222221,0.039796573014734236
Elastic-SevenNet,Sequential,40,0.7300925925925923,0.02798779030912228
Elastic-SevenNet,Feature-extraction transfer,40,0.7298611111111108,0.030745058814964903
Elastic-SevenNet,End-to-End Joint,40,0.72662037037037,0.03204756725069438
Elastic-SevenNet,Progressive,40,0.6752314814814812,0.038346950129102435
Elastic-SevenNet,Pretrain-then-Joint,40,0.7025462962962962,0.03643291049733492
Elastic-SevenNet,Stop-Gradient Joint,40,0.6909722222222219,0.0372968208436846
Elastic-SevenNet,Domain Adaptation (MMD),40,0.7543981481481479,0.03167672318142757
Elastic-SevenNet,Soft Parameter Sharing,40,0.7335648148148145,0.031850608667130326
Elastic-SevenNet,Adapter,40,0.7310185185185183,0.030535314456104953
Elastic-MatterSim,MFGP,40,0.7574074074074072,0.024522810296232756
Elastic-MatterSim,Sparse MFGP,40,0.8634259259259259,0.009083989291828055
Elastic-MatterSim,DKL,40,0.836574074074074,0.013891065040026879
Elastic-MatterSim,Sequential,40,0.8796296296296298,0.008945294287771261
Elastic-MatterSim,Feature-extraction transfer,40,0.8777777777777779,0.00939595207759221
Elastic-MatterSim,End-to-End Joint,40,0.8796296296296298,0.008066586524437577
Elastic-MatterSim,Progressive,40,0.8578703703703706,0.011960776396010328
Elastic-MatterSim,Pretrain-then-Joint,40,0.8537037037037039,0.013921298053039202
Elastic-MatterSim,Stop-Gradient Joint,40,0.8722222222222225,0.010666970028396972
Elastic-MatterSim,Domain Adaptation (MMD),40,0.8699074074074076,0.008957266580821884
Elastic-MatterSim,Soft Parameter Sharing,40,0.8615740740740743,0.010441763057232198
Elastic-MatterSim,Adapter,40,0.8805555555555558,0.010011029407039585
