benchmark,model,ece,n_ece,nan_ece,n,attainment,se
Branin-Fav,Adapter,0.30733411172696534,40,0,40,0.5752747252747247,0.041746491984888126
Branin-Fav,DKL,0.2781324738650595,40,0,40,0.9134615384615387,0.006539029788415694
Branin-Fav,Domain Adaptation (MMD),0.291216326975834,40,0,40,0.37376373626373516,0.03240082563560166
Branin-Fav,End-to-End Joint,0.3271371994494308,40,0,40,0.6877747252747248,0.03306821931422766
Branin-Fav,Feature-extraction transfer,0.3078895204080245,40,0,40,0.5713598901098891,0.04119675407694764
Branin-Fav,MFGP,0.1690279135040527,40,0,40,0.9118131868131869,0.00802993984942778
Branin-Fav,Pretrain-then-Joint,0.21714385582945525,40,0,40,0.47307692307692273,0.049354105884023204
Branin-Fav,Progressive,0.1933740829197653,40,0,40,0.28736263736263673,0.047262022620687336
Branin-Fav,Sequential,0.3072537470840534,40,0,40,0.5603021978021967,0.04060572984118634
Branin-Fav,Soft Parameter Sharing,0.2754332497143438,40,0,40,0.4688873626373618,0.04103105602436915
Branin-Fav,Sparse MFGP,0.39672587458829384,36,0,36,0.5892857142857135,0.04010924794412709
Branin-Fav,Stop-Gradient Joint,0.3390945789485345,40,0,40,0.5859890109890101,0.03948079374172916
Branin-Unfav,Adapter,0.24174660949584958,40,0,40,0.23990384615384616,0.04458935796697941
Branin-Unfav,DKL,0.4217484992223726,40,0,40,0.626717032967033,0.024053237317741737
Branin-Unfav,Domain Adaptation (MMD),0.22997232567365372,40,0,40,0.08894230769230768,0.0251779665314898
Branin-Unfav,End-to-End Joint,0.2561252290035908,40,0,40,0.35776098901098907,0.050844684459257376
Branin-Unfav,Feature-extraction transfer,0.2402631032703741,40,0,40,0.2603021978021978,0.048837198959130024
Branin-Unfav,MFGP,0.10143085273039887,40,0,40,0.756043956043956,0.02274037081305701
Branin-Unfav,Pretrain-then-Joint,0.15266970102837002,40,0,40,0.025206043956043957,0.02061094277026313
Branin-Unfav,Progressive,0.1451802234075656,40,0,40,0.010989010989010988,0.005127387428267186
Branin-Unfav,Sequential,0.23988358983771524,40,0,40,0.24065934065934064,0.04859826814870785
Branin-Unfav,Soft Parameter Sharing,0.2378503623407465,40,0,40,0.10542582417582418,0.0325689320700026
Branin-Unfav,Sparse MFGP,0.3959522818531367,39,0,39,0.22449985911524373,0.0347901356364746
Branin-Unfav,Stop-Gradient Joint,0.2516313460698286,40,0,40,0.3478021978021978,0.04857197919820898
COFs,Adapter,0.14635889623397785,40,0,40,0.9254857574042632,0.00581485373194765
COFs,DKL,0.13679640558157125,40,0,40,0.9194314751933597,0.006976150594337548
COFs,Domain Adaptation (MMD),0.1700110910216071,40,0,40,0.9338686096962835,0.00643067699097432
COFs,End-to-End Joint,0.1743441613980528,40,0,40,0.9198971892095831,0.006084062430983823
COFs,Feature-extraction transfer,0.1501436765822922,40,0,40,0.9189657611771362,0.0066550700465181295
COFs,MFGP,0.28347617866030556,40,0,40,0.9022000565930955,0.007509412871575956
COFs,Pretrain-then-Joint,0.19755636975052238,40,0,40,0.9124457649500094,0.006841319429527446
COFs,Progressive,0.20304289450898172,40,0,40,0.9045286266742124,0.0069377802760091905
COFs,Sequential,0.14948812919826254,40,0,40,0.9189657611771362,0.00665507004651813
COFs,Soft Parameter Sharing,0.18131348928646016,40,0,40,0.8998714865119787,0.007967553037986701
COFs,Sparse MFGP,0.23053557772255218,40,0,40,0.9231571873231464,0.006334395457166702
COFs,Stop-Gradient Joint,0.1399371795328102,40,0,40,0.9231571873231463,0.00593554107655011
Elastic-CHGNet,Adapter,0.140897237901281,40,0,40,0.5541666666666663,0.044973443971492354
Elastic-CHGNet,DKL,0.3939274867021734,40,5,40,0.6043981481481475,0.0420186508554761
Elastic-CHGNet,Domain Adaptation (MMD),0.14739894560249955,40,0,40,0.5532407407407403,0.04460188706761088
Elastic-CHGNet,End-to-End Joint,0.16952339727663063,40,0,40,0.507175925925925,0.043617272299849984
Elastic-CHGNet,Feature-extraction transfer,0.1400937217559581,40,0,40,0.5249999999999994,0.04183935933698707
Elastic-CHGNet,MFGP,0.09043106382488947,40,1,40,0.49282407407407336,0.044351962753659574
Elastic-CHGNet,Pretrain-then-Joint,0.16782575651947423,40,0,40,0.38148148148148076,0.03904966088990732
Elastic-CHGNet,Progressive,0.17521813109174217,40,0,40,0.3606481481481474,0.03593436608447218
Elastic-CHGNet,Sequential,0.13417831301022606,40,0,40,0.4932870370370364,0.04189290103717678
Elastic-CHGNet,Soft Parameter Sharing,0.1832006944584538,40,0,40,0.3337962962962956,0.030918073822196915
Elastic-CHGNet,Sparse MFGP,0.2799031821947937,40,0,40,0.5736111111111105,0.04901103971913408
Elastic-CHGNet,Stop-Gradient Joint,0.1068465079401025,40,0,40,0.6219907407407403,0.04148939749352247
Elastic-MatterSim,Adapter,0.09952702666260535,40,0,40,0.8805555555555558,0.010011029407039585
Elastic-MatterSim,DKL,0.4449316628271711,40,5,40,0.836574074074074,0.013891065040026879
Elastic-MatterSim,Domain Adaptation (MMD),0.10655485557895987,40,0,40,0.8699074074074076,0.008957266580821884
Elastic-MatterSim,End-to-End Joint,0.12431720342415956,40,0,40,0.8796296296296298,0.008066586524437577
Elastic-MatterSim,Feature-extraction transfer,0.10106539892046909,40,0,40,0.8777777777777779,0.00939595207759221
Elastic-MatterSim,MFGP,0.09532700479306948,40,3,40,0.7574074074074072,0.024522810296232756
Elastic-MatterSim,Pretrain-then-Joint,0.10884478015466761,40,0,40,0.8537037037037039,0.013921298053039202
Elastic-MatterSim,Progressive,0.10180955936658131,40,0,40,0.8578703703703706,0.011960776396010328
Elastic-MatterSim,Sequential,0.0999535397892698,40,0,40,0.8796296296296298,0.008945294287771261
Elastic-MatterSim,Soft Parameter Sharing,0.1250445633722457,40,0,40,0.8615740740740743,0.010441763057232198
Elastic-MatterSim,Sparse MFGP,0.35835133183597434,40,0,40,0.8634259259259259,0.009083989291828055
Elastic-MatterSim,Stop-Gradient Joint,0.0841453825328588,40,0,40,0.8722222222222225,0.010666970028396972
Elastic-SevenNet,Adapter,0.10171293784913386,40,0,40,0.7310185185185183,0.030535314456104953
Elastic-SevenNet,DKL,0.42819511437846536,40,6,40,0.6784722222222221,0.039796573014734236
Elastic-SevenNet,Domain Adaptation (MMD),0.10277195962602548,40,0,40,0.7543981481481479,0.03167672318142757
Elastic-SevenNet,End-to-End Joint,0.13565997160026844,40,0,40,0.72662037037037,0.03204756725069438
Elastic-SevenNet,Feature-extraction transfer,0.10895929908378892,40,0,40,0.7298611111111108,0.030745058814964903
Elastic-SevenNet,MFGP,0.07264700776681017,40,1,40,0.568055555555555,0.0394129741505484
Elastic-SevenNet,Pretrain-then-Joint,0.1392805736558475,40,0,40,0.7025462962962962,0.03643291049733492
Elastic-SevenNet,Progressive,0.13248697257171788,40,0,40,0.6752314814814812,0.038346950129102435
Elastic-SevenNet,Sequential,0.11446182521146295,40,0,40,0.7300925925925923,0.02798779030912228
Elastic-SevenNet,Soft Parameter Sharing,0.1532530996771077,40,0,40,0.7335648148148145,0.031850608667130326
Elastic-SevenNet,Sparse MFGP,0.3107334437481831,40,0,40,0.7247685185185186,0.030098504605906948
Elastic-SevenNet,Stop-Gradient Joint,0.07589116181312501,40,0,40,0.6909722222222219,0.0372968208436846
ExptGap-PBE,Adapter,0.08217968357101113,40,0,40,0.3486111111111106,0.028590035479738776
ExptGap-PBE,DKL,0.2671662154432386,40,4,40,0.28981481481481436,0.03707885815480226
ExptGap-PBE,Domain Adaptation (MMD),0.08864143218079683,40,0,40,0.39791666666666614,0.03380107275435327
ExptGap-PBE,End-to-End Joint,0.08915056984477358,40,0,40,0.3648148148148141,0.02706387134436779
ExptGap-PBE,Feature-extraction transfer,0.08779009023282996,40,0,40,0.3821759259259253,0.022517495367041354
ExptGap-PBE,MFGP,0.16680783538147637,40,2,40,0.3328703703703697,0.03055330720669909
ExptGap-PBE,Pretrain-then-Joint,0.10899623791290167,40,0,40,0.37847222222222154,0.028887662779578802
ExptGap-PBE,Progressive,0.10827377953196327,40,0,40,0.383564814814814,0.03396068577500887
ExptGap-PBE,Sequential,0.08576510118531902,40,0,40,0.3773148148148143,0.021121516362437222
ExptGap-PBE,Soft Parameter Sharing,0.11615910241107116,40,0,40,0.40972222222222143,0.03289009346352052
ExptGap-PBE,Sparse MFGP,0.20483646879165654,40,0,40,0.3372685185185179,0.02750916240641703
ExptGap-PBE,Stop-Gradient Joint,0.08146804002977814,40,0,40,0.40555555555555517,0.027279078301424963
FreeSolv,Adapter,0.25220883829249174,40,0,40,0.9279411764705884,0.0074759280423003106
FreeSolv,DKL,0.36594842299991004,40,0,40,0.9200980392156864,0.007735163646107588
FreeSolv,Domain Adaptation (MMD),0.2479721045433026,40,0,40,0.9284313725490199,0.008234037108692513
FreeSolv,End-to-End Joint,0.2527217391261646,40,0,40,0.9367647058823533,0.004735093475727623
FreeSolv,Feature-extraction transfer,0.25242287954857584,40,0,40,0.9303921568627453,0.0070888557265182724
FreeSolv,MFGP,0.09833853260692291,40,0,40,0.9377450980392158,0.004543857918288467
FreeSolv,Pretrain-then-Joint,0.2284304286097422,40,0,40,0.9328431372549023,0.006391856893028466
FreeSolv,Progressive,0.22431254712365414,40,0,40,0.9377450980392158,0.004543857918288467
FreeSolv,Sequential,0.2524217039893028,40,0,40,0.9338235294117648,0.005424056653424634
FreeSolv,Soft Parameter Sharing,0.24029882827287122,40,0,40,0.9377450980392158,0.004543857918288467
FreeSolv,Sparse MFGP,0.06476155893889825,40,0,40,0.898529411764706,0.010986663708506022
FreeSolv,Stop-Gradient Joint,0.2609877211015238,40,0,40,0.9338235294117648,0.005424056653424634
HOPV15,Adapter,0.06902095196847677,40,0,40,0.2249999999999995,0.05440994339533471
HOPV15,DKL,0.4047104340454969,40,0,40,0.21603773584905667,0.05482541430412417
HOPV15,Domain Adaptation (MMD),0.06323267190376694,40,0,40,0.33066037735849046,0.055946790016587075
HOPV15,End-to-End Joint,0.06731789377177574,40,0,40,0.33207547169811286,0.054075110118233696
HOPV15,Feature-extraction transfer,0.0688159701467075,40,0,40,0.4047169811320753,0.05512066856686201
HOPV15,MFGP,0.06675734455943061,40,0,40,0.3174528301886793,0.0632412502481276
HOPV15,Pretrain-then-Joint,0.07726888453655824,40,0,40,0.2924528301886792,0.052565165651038664
HOPV15,Progressive,0.08497715969094112,40,0,40,0.17924528301886786,0.05159680587710367
HOPV15,Sequential,0.07018557038165113,40,0,40,0.40047169811320743,0.05658961079065811
HOPV15,Soft Parameter Sharing,0.0806141784548059,40,0,40,0.2452830188679246,0.054164503071952565
HOPV15,Sparse MFGP,0.06544901576611754,40,0,40,0.08018867924528286,0.04215614222549458
HOPV15,Stop-Gradient Joint,0.08490312240068403,40,0,40,0.3755896226415093,0.05604406173113346
Matbench-Gap,Adapter,0.094764485904201,40,0,40,0.46249999999999947,0.040177227648754844
Matbench-Gap,DKL,0.35620243660492845,40,0,40,0.26898148148148093,0.0401772276487548
Matbench-Gap,Domain Adaptation (MMD),0.09039573761726383,40,0,40,0.37407407407407317,0.027169260650224514
Matbench-Gap,End-to-End Joint,0.09143353302156584,40,0,40,0.381018518518518,0.04042487140264304
Matbench-Gap,Feature-extraction transfer,0.09507756007739146,40,0,40,0.363194444444444,0.03783925757173688
Matbench-Gap,MFGP,0.15135745259968073,40,0,40,0.24513888888888818,0.035883918194824276
Matbench-Gap,Pretrain-then-Joint,0.11411336820695803,40,0,40,0.4210648148148139,0.03392036687593351
Matbench-Gap,Progressive,0.11838375413226036,40,0,40,0.38912037037036956,0.03493797719205553
Matbench-Gap,Sequential,0.09964861803472139,40,0,40,0.37268518518518456,0.03590498981217128
Matbench-Gap,Soft Parameter Sharing,0.11111387844658446,40,0,40,0.43495370370370284,0.03585250790012765
Matbench-Gap,Sparse MFGP,0.18211509293675496,40,0,40,0.3217592592592585,0.039821094824851855
Matbench-Gap,Stop-Gradient Joint,0.10706446902439593,40,0,40,0.4092592592592588,0.038758656807765184
Park-Fav,Adapter,0.42329817901942784,40,0,40,0.7815934065934063,0.018948692021329712
Park-Fav,DKL,0.15543917283324712,40,0,40,0.8543956043956046,0.010356179601582234
Park-Fav,Domain Adaptation (MMD),0.4047642571345322,40,0,40,0.8074175824175824,0.014611387920476586
Park-Fav,End-to-End Joint,0.40959575502015955,40,0,40,0.8359890109890109,0.015041598792469984
Park-Fav,Feature-extraction transfer,0.4234338876723672,40,0,40,0.782142857142857,0.017316635061255966
Park-Fav,MFGP,0.14453653221550183,40,0,40,0.6153846153846145,0.01802675372607209
Park-Fav,Pretrain-then-Joint,0.3877244259680027,40,0,40,0.939010989010989,0.0034064116149604947
Park-Fav,Progressive,0.38966238462094593,40,0,40,0.9456043956043956,0.0019653802218391465
Park-Fav,Sequential,0.42323765781707606,40,0,40,0.7835164835164834,0.016791524488113784
Park-Fav,Soft Parameter Sharing,0.39457308109267436,40,0,40,0.9412087912087912,0.0031612542748593285
Park-Fav,Sparse MFGP,0.22228940539815278,40,0,40,0.8343406593406592,0.019022897372497984
Park-Fav,Stop-Gradient Joint,0.44340304745490117,40,0,40,0.7370879120879117,0.02166724305986242
Park-Unfav,Adapter,0.37142575548950685,40,0,40,0.8513736263736265,0.018295230928296623
Park-Unfav,DKL,0.24011026767021884,40,0,40,0.8420329670329672,0.01731126996348153
Park-Unfav,Domain Adaptation (MMD),0.37072784523506697,40,0,40,0.8013736263736263,0.01999889882371937
Park-Unfav,End-to-End Joint,0.3659724170122718,40,0,40,0.8598901098901098,0.01771378614318005
Park-Unfav,Feature-extraction transfer,0.3660913763138888,40,0,40,0.85,0.019541426707793484
Park-Unfav,MFGP,0.1729175487929495,40,0,40,0.7739010989010989,0.023617648627818674
Park-Unfav,Pretrain-then-Joint,0.3568790799394902,40,0,40,0.849175824175824,0.019033474520424386
Park-Unfav,Progressive,0.3629051466317218,40,0,40,0.8642857142857142,0.01582976131034919
Park-Unfav,Sequential,0.366311268118167,40,0,40,0.8508241758241759,0.019538802178668276
Park-Unfav,Soft Parameter Sharing,0.389518159769642,40,0,40,0.8678571428571431,0.017673262686086936
Park-Unfav,Sparse MFGP,0.204799694593445,40,0,40,0.8876373626373626,0.011761305931602005
Park-Unfav,Stop-Gradient Joint,0.36920811563233147,40,0,40,0.8552197802197803,0.018820390882688623
Polarizability,Adapter,0.37530494951776083,40,0,40,0.962579461071107,0.005436724890915964
Polarizability,DKL,0.12800380222766944,40,0,40,0.9449444944494448,0.009937041907512732
Polarizability,Domain Adaptation (MMD),0.368351057300793,40,0,40,0.9625794610711071,0.005436724890915964
Polarizability,End-to-End Joint,0.37305260752493663,40,0,40,0.9625794610711071,0.005436724890915964
Polarizability,Feature-extraction transfer,0.37510557939310596,40,0,40,0.9625794610711071,0.005436724890915964
Polarizability,MFGP,0.10557212822742527,40,0,40,0.9535469171917192,0.011211110659905727
Polarizability,Pretrain-then-Joint,0.3600269722110346,40,0,40,0.962579461071107,0.005436724890915964
Polarizability,Progressive,0.35868124593715045,40,0,40,0.9625794610711071,0.005436724890915964
Polarizability,Sequential,0.3749229496924493,40,0,40,0.962579461071107,0.005436724890915964
Polarizability,Soft Parameter Sharing,0.3718762117131679,40,0,40,0.962579461071107,0.005436724890915964
Polarizability,Sparse MFGP,0.20402668465051405,40,0,40,0.8438660272277227,0.032958519020838864
Polarizability,Stop-Gradient Joint,0.3809003838806711,40,0,40,0.9625794610711071,0.005436724890915964
