cell,r2,top10,adv_TL_MFGP,adv_TL_var,adv_var_MFGP,auc_TL_MFGP,auc_TL_var,auc_var_MFGP
cell_00,0.3687,0.0,0.20575447570332486,0.008919437340153429,0.19683503836317146,0.14800198560436867,0.0035207382347545307,0.14448124736961412
cell_01,0.3956,0.1,0.05847186700767262,0.0,0.05847186700767262,0.07435569026730111,0.01356874615558927,0.060786944111711844
cell_02,0.4093,0.3,0.09757033248081835,0.035677749360613714,0.06189258312020463,0.08310590609386291,0.02353885417678346,0.05956705191707945
cell_03,0.423,0.4,0.09849744245524297,0.0,0.09849744245524297,0.07878202326610337,0.009685216959651133,0.06909680630645224
cell_04,0.4453,0.6,0.0,0.0,0.0,0.05819358563458385,0.017951374275631992,0.040242211358951854
cell_05,0.4729,0.7,0.0,0.0,0.0,0.048573116643465156,0.024865917748497172,0.023707198894967987
cell_06,0.4595,0.0,0.23148976982097189,0.035677749360613714,0.19581202046035817,0.15424031748087275,0.00010271995424489255,0.15413759752662784
cell_07,0.486,0.1,0.07464833759590797,0.0,0.07464833759590797,0.09201124726170055,0.013238261732871404,0.07877298552882915
cell_08,0.5005,0.3,0.09849744245524297,0.017838874680306857,0.0806585677749361,0.08403200438127921,0.014430838378279187,0.06960116600300002
cell_09,0.5154,0.4,0.08957800511508954,0.0,0.08957800511508954,0.0803386048971047,0.01623150636148782,0.06410709853561689
cell_10,0.5489,0.5,0.0,0.0,0.0,0.05299486332782957,0.01820227265369537,0.0347925906741342
cell_100,0.2346,0.8,0.07135549872122744,0.01783887468030686,0.053516624040920585,0.07569900827694856,0.05708646281847895,0.018612545458469618
cell_101,0.242,0.9,0.01783887468030686,0.0,0.01783887468030686,0.07311003377685675,0.036637907777309915,0.03647212599954684
cell_102,0.2463,1.0,0.01783887468030686,0.0,0.01783887468030686,0.05547025909978728,0.04344723580130983,0.012023023298477445
cell_103,0.2979,0.3,0.06918158567774924,0.05351662404092058,0.015664961636828657,0.0830484422717903,0.05402449091909731,0.029023951352692992
cell_104,0.3023,0.4,0.06918158567774924,0.06243606138107401,0.006745524296675229,0.10226779759785029,0.06764321441289771,0.03462458318495258
cell_105,0.313,0.6,0.06243606138107401,0.05351662404092058,0.008919437340153429,0.09291245804871194,0.06330638199143158,0.029606076057280356
cell_106,0.331,0.9,0.03567774936061372,0.0,0.03567774936061372,0.09770225646670316,0.03004170848306287,0.0676605479836403
cell_107,0.3606,0.2,0.12314578005115084,0.01783887468030686,0.10530690537084399,0.09277358714537007,0.041522467545080634,0.05125111960028944
cell_108,0.3795,0.5,0.07135549872122744,0.02675831202046029,0.04459718670076715,0.04538481875964466,0.041366060733594376,0.004018758026050284
cell_109,0.3895,0.7,0.07135549872122744,0.01783887468030686,0.053516624040920585,0.04412897795331664,0.04277830835140862,0.0013506696019080222
cell_11,0.4579,0.6,0.0,0.0,0.0,0.05365043650922105,0.01919372592184908,0.03445671058737197
cell_110,0.4065,0.9,0.0,0.0,0.0,0.05188740328272179,0.03325482642148746,0.018632576861234332
cell_111,0.49,0.2,0.12314578005115084,0.03567774936061372,0.08746803069053713,0.10560987190693562,0.0590166941845532,0.04659317772238242
cell_112,0.5256,0.2,0.10316496163682856,0.02675831202046029,0.07640664961636827,0.09683685939978638,0.04179366710911095,0.05504319229067543
cell_113,0.5427,0.5,0.07135549872122744,0.03567774936061372,0.03567774936061372,0.05243964949766357,0.047491825568972704,0.004947823928690864
cell_114,0.5681,0.9,0.0,0.0,0.0,0.04500793162614502,0.02566582494307556,0.01934210668306946
cell_115,0.6742,0.2,0.10316496163682856,0.02675831202046029,0.07640664961636827,0.08186119384462653,0.034412398696407456,0.04744879514821908
cell_116,0.7013,0.8,0.07135549872122744,0.00891943734015343,0.062436061381074014,0.06361272081755094,0.03539292574487131,0.028219795072679632
cell_117,0.7113,0.9,0.0,0.0,0.0,0.06339365685734917,0.029827230837298917,0.03356642602005025
cell_118,0.7689,0.2,0.0963554987212275,0.00891943734015343,0.08743606138107407,0.09336427746662795,0.033515234657429185,0.05984904280919877
cell_119,0.7797,0.5,0.07135549872122744,0.00891943734015343,0.062436061381074014,0.047781842511357794,0.03722880043596952,0.010553042075388278
cell_12,0.4785,0.7,0.0,0.0,0.0,0.042683749339031005,0.029364552645493917,0.013319196693537087
cell_120,0.7977,0.9,0.0,0.0,0.0,0.03275033183333853,0.02757993676281722,0.005170395070521312
cell_121,0.8621,0.0,0.08407928388746788,0.057320971867007596,0.026758312020460286,0.08711367045442286,0.07249135344836902,0.014622317006053848
cell_122,0.8687,0.1,0.08446291560102288,0.05095907928388736,0.03350383631713552,0.06789755252678949,0.034741871432117086,0.0331556810946724
cell_123,0.8702,0.2,0.09680306905370832,0.04459718670076715,0.05220588235294117,0.0728598098567991,0.02817669720612509,0.04468311265067401
cell_124,0.8746,0.3,0.10316496163682856,0.04459718670076715,0.05856777493606141,0.07510042679702594,0.036128557091521143,0.0389718697055048
cell_125,0.9044,0.9,0.0,0.0,0.0,0.039685109046370105,0.017999935252031314,0.02168517379433879
cell_13,0.514,0.8,0.0,0.0,0.0,0.04560819925108171,0.029475163758403592,0.016133035492678117
cell_14,0.6334,0.0,0.21416240409207168,0.017838874680306857,0.19632352941176484,0.12614529713921938,0.0008445563145456914,0.12530074082467368
cell_15,0.6544,0.1,0.0871803069053709,0.008919437340153429,0.07826086956521748,0.08113277919863605,0.030438357236125063,0.05069442196251099
cell_16,0.6132,0.3,0.1269820971867007,0.026758312020460293,0.10022378516624042,0.0847434901313305,0.024948403962575583,0.059795086168754924
cell_17,0.6249,0.4,0.10914322250639384,0.01783887468030686,0.09130434782608698,0.0731049078960149,0.023993303980920852,0.049111603915094046
cell_18,0.6721,0.6,0.0,0.0,0.0,0.04931232261754437,0.025992262617760182,0.023320059999784183
cell_19,0.5946,0.7,0.0,0.0,0.0,0.033996730227588944,0.01718788781335307,0.016808842414235872
cell_20,0.6225,0.8,0.0,0.0,0.0,0.04568238963169183,0.01504311135571446,0.030639278275977365
cell_21,0.7019,0.0,0.20524296675191825,0.015281329923273655,0.1899616368286446,0.12867444721421903,-0.007230054927859858,0.1359045021420789
cell_22,0.7235,0.1,0.13056265984654739,0.017838874680306857,0.11272378516624053,0.12641878986046823,0.05439921978697909,0.07201957007348914
cell_23,0.7038,0.3,0.09303069053708443,-0.008919437340153429,0.10195012787723787,0.06817488965867041,0.009492254524264276,0.058682635134406136
cell_24,0.7161,0.4,0.09868925831202043,0.024200767263427073,0.07448849104859336,0.06065353631821477,0.023689865324225415,0.03696367099398935
cell_25,0.7134,0.5,0.0,0.0,0.0,0.03280833522181559,0.013042668911262819,0.019765666310552772
cell_26,0.6777,0.6,0.0,0.0,0.0,0.041485911921179924,0.02728452415638773,0.01420138776479219
cell_27,0.72,0.7,0.0,0.0,0.0,0.03371345786525934,0.02780115898863655,0.005912298876622792
cell_28,0.7804,0.7,0.0,0.0,0.0,0.04632312473696126,0.022644253078226182,0.023678871658735078
cell_29,0.8015,0.0,0.259079283887468,0.09034526854219935,0.16873401534526863,0.19084005093506873,0.12643996784184225,0.06440008309322648
cell_30,0.8036,0.1,0.11035805626598467,0.035677749360613714,0.07468030690537096,0.11157612742400211,0.05445735806705723,0.057118769356944876
cell_31,0.8176,0.3,0.07001278772378519,0.017838874680306857,0.052173913043478334,0.07575444872500452,0.05027153679303302,0.025482911931971497
cell_32,0.7803,0.4,0.09130434782608698,0.008919437340153429,0.08238491048593355,0.06894336711019029,0.03869925377966259,0.030244113330527705
cell_33,0.7974,0.6,0.0,0.0,0.0,0.04981681720569325,0.030442336538357536,0.019374480667335714
cell_34,0.8027,0.6,0.0,0.0,0.0,0.06050023201355374,0.03932899521944142,0.02117123679411232
cell_35,0.817,0.8,0.0,0.0,0.0,0.05024577249722113,0.023499465829259474,0.026746306667961656
cell_36,0.8144,0.0,0.24143222506393858,0.12519181585677747,0.11624040920716111,0.17030927946302382,0.10147112780169878,0.06883815166132504
cell_37,0.8363,0.1,0.09178388746803065,0.04536445012787714,0.04641943734015351,0.10014952733982962,0.06074175542534013,0.03940777191448949
cell_38,0.8493,0.3,0.07317774936061375,0.057161125319693,0.016016624040920746,0.08863126841270354,0.06042819989856148,0.02820306851414206
cell_39,0.8616,0.4,0.053356777493606206,0.008919437340153435,0.04443734015345277,0.059610621904237784,0.027368156949075684,0.0322424649551621
cell_40,0.8947,0.5,0.0,0.0,0.0,0.047183733152038755,0.025912676573105656,0.0212710565789331
cell_41,0.9056,0.6,0.0,0.0,0.0,0.049521404599263824,0.027405926597386162,0.022115478001877666
cell_42,0.8883,0.7,0.0,0.0,0.0,0.035819115758576284,0.028931550605932888,0.006887565152643396
cell_43,0.8694,0.8,0.0,0.0,0.0,0.05084604012215771,0.03459834676853661,0.01624769335362109
cell_44,0.1021,0.0,0.08241687979539634,0.030754475703324808,0.05166240409207154,0.1386417225117894,0.05555631994129504,0.08308540257049438
cell_45,0.0983,0.1,0.10271739130434776,0.0,0.10271739130434776,0.12749461782511567,0.05648450904852841,0.07101010877658726
cell_46,0.1233,0.3,0.07135549872122744,0.05351662404092058,0.017838874680306864,0.07301331649886136,0.05400972028877583,0.01900359621008553
cell_47,0.1367,0.4,0.01783887468030686,0.0,0.01783887468030686,0.07236408322272195,0.0345093183118044,0.03785476491091755
cell_48,0.1492,0.5,0.02675831202046029,0.0,0.02675831202046029,0.0775763621353877,0.03415994906493118,0.04341641307045652
cell_49,0.1916,0.0,0.24005754475703323,0.039865728900255734,0.2001918158567775,0.17800504764371375,0.05792036269653697,0.12008468494717678
cell_50,0.2002,0.1,0.14856138107416872,0.06879795396419423,0.07976342710997449,0.14774494965845447,0.06466217747418161,0.08308277218427285
cell_51,0.2126,0.3,0.01860613810741686,0.0,0.01860613810741686,0.11995761705893127,0.05206006453214162,0.06789755252678965
cell_52,0.2004,0.4,0.01783887468030686,0.0,0.01783887468030686,0.08933074881025589,0.02273328153495836,0.06659746727529753
cell_53,0.2053,0.5,0.02675831202046029,0.0,0.02675831202046029,0.08943738062093282,0.023078604033798293,0.06635877658713453
cell_54,0.2089,0.5,0.02675831202046029,0.0,0.02675831202046029,0.09769274660882497,0.017539954892248487,0.0801527917165765
cell_55,0.2751,0.7,0.0,0.0,0.0,0.04344184013726544,0.025297570872047037,0.0181442692652184
cell_56,0.2641,0.0,0.2042199488491049,0.0,0.2042199488491049,0.1652065999762594,0.019688778097920412,0.14551782187833898
cell_57,0.3012,0.1,0.12023657289002553,0.008919437340153429,0.11131713554987209,0.12773681569490752,0.05588019467555863,0.07185662101934889
cell_58,0.3205,0.2,0.10677749360613797,0.04459718670076715,0.062180306905370825,0.11777790367660546,0.05139680252948722,0.06638110114711823
cell_59,0.2416,0.4,0.03567774936061372,0.0,0.03567774936061372,0.1264827284793938,0.0359621008557521,0.09052062762364169
cell_60,0.2634,0.5,0.0722186700767263,0.0,0.0722186700767263,0.13108907431987643,0.03621704598184876,0.09487202833802766
cell_61,0.249,0.6,0.07135549872122744,0.03567774936061372,0.03567774936061372,0.0760699601799992,0.03335646724292349,0.042713492937075714
cell_62,0.2819,0.7,0.0,0.0,0.0,0.04606548177884226,0.021373574195776117,0.024691907583066143
cell_63,0.2874,0.8,0.0,0.0,0.0,0.04078447559541126,0.020805680555105746,0.019978795040305516
cell_64,0.2951,1.0,0.0,0.0,0.0,0.064140956327495,0.03905246743716728,0.02508848889032772
cell_65,0.2951,1.0,0.0,0.0,0.0,0.04749533275060139,0.01809840612084116,0.029396926629760227
cell_66,0.3006,1.0,0.0,0.0,0.0,0.04942967831050942,0.01286056524976517,0.03656911306074425
cell_67,0.3577,0.1,0.16265984654731455,0.01783887468030686,0.1448209718670077,0.12022159992230247,0.009326540192301364,0.1108950597300011
cell_68,0.4135,0.6,0.07173913043478244,0.03567774936061372,0.03606138107416872,0.09869317016845255,0.04498149287232767,0.05371167729612489
cell_69,0.3976,0.8,0.0,0.0,0.0,0.03202056827133696,0.02215594548221033,0.009864622789126629
cell_70,0.4149,1.0,0.0,0.0,0.0,0.04961043305599593,0.025478325617533562,0.02413210743846237
cell_71,0.4207,1.0,0.0,0.0,0.0,0.049917985906525256,0.02624450991183467,0.023673475994690586
cell_72,0.4226,1.0,0.0,0.0,0.0,0.03495311167945415,0.024346585084226137,0.01060652659522801
cell_73,0.5134,0.1,0.11694373401534519,0.06879795396419422,0.04814578005115097,0.08994180776328138,0.039545361347620836,0.050396446415660545
cell_74,0.5041,1.0,0.0,0.0,0.0,0.0431207981266252,0.015265682497544869,0.027855115629080326
cell_75,0.4946,1.0,0.0,0.0,0.0,0.0784920737695185,0.01621397045334358,0.062278103316174914
cell_76,0.5947,0.1,0.10278132992327361,0.07640664961636827,0.026374680306905346,0.13192432311394564,0.08695180053309155,0.044972522580854074
cell_77,0.5454,0.1,0.1432544757033248,0.03692455242966751,0.10632992327365728,0.10585611652476072,0.03455416976917344,0.07130194675558728
cell_78,0.609,0.6,0.09331841432225055,0.04459718670076715,0.0487212276214834,0.0719822725457822,0.035392048949464114,0.03659022359631808
cell_79,0.5777,0.6,0.0992647058823529,0.05351662404092058,0.045748081841432316,0.07006101147118173,0.03206413825849533,0.0379968732126864
cell_80,0.5348,0.9,0.00891943734015343,0.0,0.00891943734015343,0.061240854349444665,0.029599264031424193,0.031641590318020475
cell_81,0.592,1.0,0.0,0.0,0.0,0.04679794317286604,0.019997679864460792,0.02680026330840525
cell_82,0.6887,0.1,0.151118925831202,0.060326086956521655,0.09079283887468037,0.13687538444106317,0.053265388433854546,0.08360999600720864
cell_83,0.6906,1.0,0.0,0.0,0.0,0.04535325412498492,0.017081323448476685,0.028271930676508232
cell_84,0.6906,1.0,0.0,0.0,0.0,0.04535325412498492,0.017081323448476685,0.028271930676508232
cell_85,0.6967,1.0,0.0,0.0,0.0,0.03752684342862053,0.02834207430908502,0.009184769119535509
cell_86,0.7566,0.1,0.13810741687979533,0.0636828644501278,0.07442455242966753,0.12607643497685256,0.028210420106402456,0.09786601487045009
cell_87,0.7866,0.4,0.1070012787723785,0.05351662404092058,0.05348465473145792,0.10665022338049138,0.014905926597386349,0.09174429678310503
cell_88,0.8001,1.0,0.0,0.0,0.0,0.027009345290124664,0.01851657008428015,0.008492775205844513
cell_89,0.8036,1.0,0.0,0.0,0.0,0.02729261765245431,0.01835470016294894,0.008937917489505374
cell_90,0.8997,1.0,0.0,0.0,0.0,0.03319007845295498,0.007918136985118701,0.025271941467836276
cell_91,0.9047,1.0,0.0,0.0,0.0,0.03216894903255723,0.007371826000625838,0.024797123031931392
cell_92,0.114,0.2,0.12397698209718659,0.04459718670076715,0.07937979539641944,0.12602531106003215,0.07081303214736626,0.055212278912665905
cell_93,0.1277,0.6,0.12359335038363159,0.00891943734015343,0.11467391304347815,0.1366393915849223,0.06020084010489154,0.07643855148003077
cell_94,0.1308,0.7,0.12359335038363159,0.02675831202046029,0.0968350383631713,0.13505846201992078,0.0603129350254134,0.07474552699450737
cell_95,0.1345,0.8,0.12359335038363159,0.02675831202046029,0.0968350383631713,0.1378062039345182,0.07169785360484295,0.06610835032967526
cell_96,0.1394,0.9,0.09683503836317131,0.0,0.09683503836317131,0.1293159242232941,0.035403649627159396,0.09391227459613471
cell_97,0.1425,1.0,0.0603580562659846,0.0,0.0603580562659846,0.09518706767241836,0.026430660321365585,0.06875640735105278
cell_98,0.2053,0.2,0.07538363171355486,0.04459718670076715,0.03078644501278771,0.08655737749144783,0.057743384915881435,0.028813992575566397
cell_99,0.2291,0.7,0.07135549872122744,0.00891943734015343,0.062436061381074014,0.0743676281739993,0.04907767867741463,0.025289949496584682
