cell,r2,top10,TL|GP-base,TL|GP variants,GP variants|GP-base,ri,ti
cell_00,0.3687,0.0,0.25927109974424545,0.06243606138107401,0.19683503836317146,3,0
cell_01,0.3956,0.1,0.10306905370843977,0.04459718670076715,0.05847186700767262,3,1
cell_02,0.4093,0.3,0.11540920716112521,0.05351662404092058,0.06189258312020463,3,3
cell_03,0.423,0.4,0.1341751918158567,0.03567774936061372,0.09849744245524297,3,4
cell_04,0.4453,0.6,0.0,0.0,0.0,3,6
cell_05,0.4729,0.7,0.0,0.0,0.0,4,7
cell_06,0.4595,0.0,0.25824808184143216,0.06243606138107401,0.19581202046035817,4,0
cell_07,0.486,0.1,0.12816496163682856,0.05351662404092058,0.07464833759590797,4,1
cell_08,0.5005,0.3,0.1341751918158567,0.05351662404092058,0.0806585677749361,4,3
cell_09,0.5154,0.4,0.1341751918158567,0.04459718670076715,0.08957800511508954,4,4
cell_10,0.5489,0.5,0.0,0.0,0.0,4,5
cell_100,0.2346,0.8,0.07135549872122744,0.01783887468030686,0.053516624040920585,1,8
cell_101,0.242,0.9,0.01783887468030686,0.0,0.01783887468030686,1,9
cell_102,0.2463,1.0,0.01783887468030686,0.0,0.01783887468030686,1,10
cell_103,0.2979,0.3,0.06918158567774924,0.05351662404092058,0.015664961636828657,2,3
cell_104,0.3023,0.4,0.06918158567774924,0.06243606138107401,0.006745524296675229,2,4
cell_105,0.313,0.6,0.06243606138107401,0.05351662404092058,0.008919437340153429,2,6
cell_106,0.331,0.9,0.03567774936061372,0.0,0.03567774936061372,2,9
cell_107,0.3606,0.2,0.12314578005115084,0.01783887468030686,0.10530690537084399,3,2
cell_108,0.3795,0.5,0.07135549872122744,0.02675831202046029,0.04459718670076715,3,5
cell_109,0.3895,0.7,0.07135549872122744,0.01783887468030686,0.053516624040920585,3,7
cell_11,0.4579,0.6,0.0,0.0,0.0,4,6
cell_110,0.4065,0.9,0.0,0.0,0.0,3,9
cell_111,0.49,0.2,0.12314578005115084,0.03567774936061372,0.08746803069053713,4,2
cell_112,0.5256,0.2,0.10316496163682853,0.02675831202046029,0.07640664961636824,4,2
cell_113,0.5427,0.5,0.07135549872122744,0.03567774936061372,0.03567774936061372,4,5
cell_114,0.5681,0.9,0.0,0.0,0.0,5,9
cell_115,0.6742,0.2,0.10316496163682853,0.02675831202046029,0.07640664961636824,6,2
cell_116,0.7013,0.8,0.07135549872122744,0.00891943734015343,0.062436061381074014,6,8
cell_117,0.7113,0.9,0.0,0.0,0.0,6,9
cell_118,0.7689,0.2,0.09635549872122749,0.00891943734015343,0.08743606138107406,7,2
cell_119,0.7797,0.5,0.07135549872122744,0.00891943734015343,0.062436061381074014,7,5
cell_12,0.4785,0.7,0.0,0.0,0.0,4,7
cell_120,0.7977,0.9,0.0,0.0,0.0,7,9
cell_121,0.8621,0.0,0.08407928388746788,0.057320971867007596,0.026758312020460286,8,0
cell_122,0.8687,0.1,0.08446291560102288,0.05095907928388736,0.03350383631713552,8,1
cell_123,0.8702,0.2,0.09680306905370832,0.04459718670076715,0.05220588235294117,8,2
cell_124,0.8746,0.3,0.10316496163682853,0.04459718670076715,0.058567774936061384,8,3
cell_125,0.9044,0.9,0.0,0.0,0.0,8,9
cell_13,0.514,0.8,0.0,0.0,0.0,4,8
cell_14,0.6334,0.0,0.24984015345268534,0.05351662404092058,0.19632352941176479,5,0
cell_15,0.6544,0.1,0.1406969309462915,0.06243606138107401,0.07826086956521748,6,1
cell_16,0.6132,0.3,0.13590153452685413,0.03567774936061372,0.10022378516624042,5,3
cell_17,0.6249,0.4,0.13590153452685413,0.04459718670076715,0.09130434782608698,5,4
cell_18,0.6721,0.6,0.0,0.0,0.0,6,6
cell_19,0.5946,0.7,0.0,0.0,0.0,5,7
cell_20,0.6225,0.8,0.0,0.0,0.0,5,8
cell_21,0.7019,0.0,0.2409207161125319,0.050959079283887376,0.18996163682864453,6,0
cell_22,0.7235,0.1,0.17515984654731453,0.06243606138107401,0.11272378516624053,6,1
cell_23,0.7038,0.3,0.13762787723785158,0.03567774936061372,0.10195012787723787,6,3
cell_24,0.7161,0.4,0.12544757033248075,0.05095907928388736,0.07448849104859338,6,4
cell_25,0.7134,0.5,0.0,0.0,0.0,6,5
cell_26,0.6777,0.6,0.0,0.0,0.0,6,6
cell_27,0.72,0.7,0.0,0.0,0.0,6,7
cell_28,0.7804,0.7,0.0,0.0,0.0,7,7
cell_29,0.8015,0.0,0.259079283887468,0.09034526854219933,0.16873401534526866,7,0
cell_30,0.8036,0.1,0.13711636828644494,0.06243606138107401,0.07468030690537093,7,1
cell_31,0.8176,0.3,0.11460997442455234,0.06243606138107401,0.052173913043478334,7,3
cell_32,0.7803,0.4,0.13590153452685413,0.05351662404092058,0.08238491048593355,7,4
cell_33,0.7974,0.6,0.0,0.0,0.0,7,6
cell_34,0.8027,0.6,0.0,0.0,0.0,7,6
cell_35,0.817,0.8,0.0,0.0,0.0,7,8
cell_36,0.8144,0.0,0.25927109974424545,0.14303069053708434,0.11624040920716111,7,0
cell_37,0.8363,0.1,0.11854219948849092,0.07212276214833743,0.04641943734015348,7,1
cell_38,0.8493,0.3,0.09993606138107404,0.08391943734015331,0.016016624040920732,7,3
cell_39,0.8616,0.4,0.11579283887468021,0.07135549872122744,0.04443734015345277,8,4
cell_40,0.8947,0.5,0.0,0.0,0.0,8,5
cell_41,0.9056,0.6,0.0,0.0,0.0,8,6
cell_42,0.8883,0.7,0.0,0.0,0.0,8,7
cell_43,0.8694,0.8,0.0,0.0,0.0,8,8
cell_44,0.1021,0.0,0.08241687979539634,0.030754475703324808,0.05166240409207154,0,0
cell_45,0.0983,0.1,0.10271739130434776,0.0,0.10271739130434776,0,1
cell_46,0.1233,0.3,0.07135549872122744,0.05351662404092058,0.017838874680306864,0,3
cell_47,0.1367,0.4,0.01783887468030686,0.0,0.01783887468030686,0,4
cell_48,0.1492,0.5,0.02675831202046029,0.0,0.02675831202046029,0,5
cell_49,0.1916,0.0,0.2578964194373401,0.0577046035805626,0.2001918158567775,1,0
cell_50,0.2002,0.1,0.14856138107416872,0.06879795396419423,0.07976342710997449,1,1
cell_51,0.2126,0.3,0.01860613810741686,0.0,0.01860613810741686,1,3
cell_52,0.2004,0.4,0.01783887468030686,0.0,0.01783887468030686,1,4
cell_53,0.2053,0.5,0.02675831202046029,0.0,0.02675831202046029,1,5
cell_54,0.2089,0.5,0.02675831202046029,0.0,0.02675831202046029,1,5
cell_55,0.2751,0.7,0.0,0.0,0.0,2,7
cell_56,0.2641,0.0,0.2577365728900255,0.05351662404092058,0.2042199488491049,2,0
cell_57,0.3012,0.1,0.13807544757033238,0.02675831202046029,0.11131713554987209,2,1
cell_58,0.3205,0.2,0.10677749360613797,0.04459718670076715,0.062180306905370825,2,2
cell_59,0.2416,0.4,0.03567774936061372,0.0,0.03567774936061372,1,4
cell_60,0.2634,0.5,0.0722186700767263,0.0,0.0722186700767263,2,5
cell_61,0.249,0.6,0.07135549872122744,0.03567774936061372,0.03567774936061372,1,6
cell_62,0.2819,0.7,0.0,0.0,0.0,2,7
cell_63,0.2874,0.8,0.0,0.0,0.0,2,8
cell_64,0.2951,1.0,0.0,0.0,0.0,2,10
cell_65,0.2951,1.0,0.0,0.0,0.0,2,10
cell_66,0.3006,1.0,0.0,0.0,0.0,2,10
cell_67,0.3577,0.1,0.18049872122762142,0.03567774936061372,0.1448209718670077,3,1
cell_68,0.4135,0.6,0.07173913043478244,0.03567774936061372,0.03606138107416872,3,6
cell_69,0.3976,0.8,0.0,0.0,0.0,3,8
cell_70,0.4149,1.0,0.0,0.0,0.0,3,10
cell_71,0.4207,1.0,0.0,0.0,0.0,3,10
cell_72,0.4226,1.0,0.0,0.0,0.0,3,10
cell_73,0.5134,0.1,0.12586317135549863,0.07771739130434767,0.04814578005115096,4,1
cell_74,0.5041,1.0,0.0,0.0,0.0,4,10
cell_75,0.4946,1.0,0.0,0.0,0.0,4,10
cell_76,0.5947,0.1,0.12062020460358047,0.09424552429667513,0.026374680306905346,5,1
cell_77,0.5454,0.1,0.17001278772378509,0.0636828644501278,0.10632992327365728,4,1
cell_78,0.609,0.6,0.09331841432225055,0.04459718670076715,0.0487212276214834,5,6
cell_79,0.5777,0.6,0.0992647058823529,0.05351662404092058,0.045748081841432316,5,6
cell_80,0.5348,0.9,0.00891943734015343,0.0,0.00891943734015343,4,9
cell_81,0.592,1.0,0.0,0.0,0.0,5,10
cell_82,0.6887,0.1,0.16895780051150888,0.07816496163682851,0.09079283887468037,6,1
cell_83,0.6906,1.0,0.0,0.0,0.0,6,10
cell_84,0.6906,1.0,0.0,0.0,0.0,6,10
cell_85,0.6967,1.0,0.0,0.0,0.0,6,10
cell_86,0.7566,0.1,0.14702685421994877,0.07260230179028124,0.07442455242966753,7,1
cell_87,0.7866,0.4,0.1070012787723785,0.05351662404092058,0.05348465473145792,7,4
cell_88,0.8001,1.0,0.0,0.0,0.0,7,10
cell_89,0.8036,1.0,0.0,0.0,0.0,7,10
cell_90,0.8997,1.0,0.0,0.0,0.0,8,10
cell_91,0.9047,1.0,0.0,0.0,0.0,8,10
cell_92,0.114,0.2,0.12397698209718662,0.04459718670076715,0.07937979539641947,0,2
cell_93,0.1277,0.6,0.12359335038363162,0.00891943734015343,0.11467391304347818,0,6
cell_94,0.1308,0.7,0.12359335038363162,0.02675831202046029,0.09683503836317132,0,7
cell_95,0.1345,0.8,0.12359335038363162,0.02675831202046029,0.09683503836317132,0,8
cell_96,0.1394,0.9,0.09683503836317131,0.0,0.09683503836317131,0,9
cell_97,0.1425,1.0,0.0603580562659846,0.0,0.0603580562659846,0,10
cell_98,0.2053,0.2,0.07538363171355486,0.04459718670076715,0.03078644501278771,1,2
cell_99,0.2291,0.7,0.07135549872122744,0.00891943734015343,0.062436061381074014,1,7
