benchmark,model,seed,status,first_diff_step,n_compared,ref_at_Bm1,new_at_Bm1,new_final,src
FreeSolv,Adapter,42,match,-1.0,248.0,0.0,0.0,0.0,results
FreeSolv,Adapter,43,match,-1.0,248.0,0.0,0.0,0.0,results
FreeSolv,Adapter,44,match,-1.0,248.0,0.0,0.0,0.0,results
FreeSolv,Adapter,45,match,-1.0,248.0,0.0,0.0,0.0,results
FreeSolv,Adapter,46,match,-1.0,248.0,0.0,0.0,0.0,results
FreeSolv,Adapter,47,match,-1.0,248.0,0.0,0.0,0.0,results
FreeSolv,Adapter,48,match,-1.0,248.0,0.0,0.0,0.0,results
FreeSolv,Adapter,49,match,-1.0,248.0,0.0,0.0,0.0,results
FreeSolv,Adapter,50,match,-1.0,248.0,0.0,0.0,0.0,results
FreeSolv,Adapter,51,match,-1.0,248.0,0.0,0.0,0.0,results
FreeSolv,Adapter,52,match,-1.0,248.0,0.0,0.0,0.0,results
FreeSolv,Adapter,53,match,-1.0,248.0,0.0,0.0,0.0,results
FreeSolv,Adapter,54,match,-1.0,248.0,0.0,0.0,0.0,results
FreeSolv,Adapter,55,match,-1.0,248.0,0.0,0.0,0.0,results
FreeSolv,Adapter,56,match,-1.0,248.0,0.0,0.0,0.0,results
FreeSolv,Adapter,57,match,-1.0,248.0,0.0,0.0,0.0,results
FreeSolv,Adapter,58,match,-1.0,248.0,0.0,0.0,0.0,results
FreeSolv,Adapter,59,match,-1.0,248.0,0.0,0.0,0.0,results
FreeSolv,Adapter,60,match,-1.0,248.0,0.0,0.0,0.0,results
FreeSolv,Adapter,61,match,-1.0,248.0,0.0,0.0,0.0,results
FreeSolv,Curriculum,42,match,-1.0,248.0,0.0,0.0,0.0,results
FreeSolv,Curriculum,43,match,-1.0,248.0,0.0,0.0,0.0,results
FreeSolv,Curriculum,44,match,-1.0,248.0,0.0,0.0,0.0,results
FreeSolv,Curriculum,45,match,-1.0,248.0,0.0,0.0,0.0,results
FreeSolv,Curriculum,46,match,-1.0,248.0,0.0,0.0,0.0,results
FreeSolv,Curriculum,47,match,-1.0,248.0,0.0,0.0,0.0,results
FreeSolv,Curriculum,48,match,-1.0,248.0,0.0,0.0,0.0,results
FreeSolv,Curriculum,49,match,-1.0,248.0,0.0,0.0,0.0,results
FreeSolv,Curriculum,50,match,-1.0,248.0,0.0,0.0,0.0,results
FreeSolv,Curriculum,51,match,-1.0,248.0,0.0,0.0,0.0,results
FreeSolv,Curriculum,52,match,-1.0,248.0,0.0,0.0,0.0,results
FreeSolv,Curriculum,53,match,-1.0,248.0,0.0,0.0,0.0,results
FreeSolv,Curriculum,54,match,-1.0,248.0,0.0,0.0,0.0,results
FreeSolv,Curriculum,55,match,-1.0,248.0,0.0,0.0,0.0,results
FreeSolv,Curriculum,56,match,-1.0,248.0,0.0,0.0,0.0,results
FreeSolv,Curriculum,57,match,-1.0,248.0,0.0,0.0,0.0,results
FreeSolv,Curriculum,58,match,-1.0,248.0,0.0,0.0,0.0,results
FreeSolv,Curriculum,59,match,-1.0,248.0,0.0,0.0,0.0,results
FreeSolv,Curriculum,60,match,-1.0,248.0,0.0,0.0,0.0,results
FreeSolv,Curriculum,61,match,-1.0,248.0,0.0,0.0,0.0,results
FreeSolv,DNGOGradient,42,match,-1.0,248.0,0.0,0.0,0.0,results
FreeSolv,DNGOGradient,43,match,-1.0,248.0,0.0,0.0,0.0,results
FreeSolv,DNGOGradient,44,match,-1.0,248.0,0.0,0.0,0.0,results
FreeSolv,DNGOGradient,45,match,-1.0,248.0,0.0,0.0,0.0,results
FreeSolv,DNGOGradient,46,match,-1.0,248.0,0.0,0.0,0.0,results
FreeSolv,DNGOGradient,47,match,-1.0,248.0,0.0,0.0,0.0,results
FreeSolv,DNGOGradient,48,match,-1.0,248.0,0.0,0.0,0.0,results
FreeSolv,DNGOGradient,49,match,-1.0,248.0,0.0,0.0,0.0,results
FreeSolv,DNGOGradient,50,match,-1.0,248.0,0.0,0.0,0.0,results
FreeSolv,DNGOGradient,51,match,-1.0,248.0,0.0,0.0,0.0,results
FreeSolv,DNGOGradient,52,match,-1.0,248.0,0.0,0.0,0.0,results
FreeSolv,DNGOGradient,53,match,-1.0,248.0,0.0,0.0,0.0,results
FreeSolv,DNGOGradient,54,match,-1.0,248.0,0.0,0.0,0.0,results
FreeSolv,DNGOGradient,55,match,-1.0,248.0,0.0,0.0,0.0,results
FreeSolv,DNGOGradient,56,match,-1.0,248.0,0.0,0.0,0.0,results
FreeSolv,DNGOGradient,57,match,-1.0,248.0,0.0,0.0,0.0,results
FreeSolv,DNGOGradient,58,match,-1.0,248.0,0.0,0.0,0.0,results
FreeSolv,DNGOGradient,59,match,-1.0,248.0,0.0,0.0,0.0,results
FreeSolv,DNGOGradient,60,match,-1.0,248.0,0.0,0.0,0.0,results
FreeSolv,DNGOGradient,61,match,-1.0,248.0,0.0,0.0,0.0,results
FreeSolv,DNGOJoint,42,match,-1.0,248.0,0.0,0.0,0.0,results
FreeSolv,DNGOJoint,43,match,-1.0,248.0,0.0,0.0,0.0,results
FreeSolv,DNGOJoint,44,match,-1.0,248.0,0.0,0.0,0.0,results
FreeSolv,DNGOJoint,45,match,-1.0,248.0,0.0,0.0,0.0,results
FreeSolv,DNGOJoint,46,match,-1.0,248.0,0.0,0.0,0.0,results
FreeSolv,DNGOJoint,47,match,-1.0,248.0,0.0,0.0,0.0,results
FreeSolv,DNGOJoint,48,match,-1.0,248.0,0.0,0.0,0.0,results
FreeSolv,DNGOJoint,49,match,-1.0,248.0,0.0,0.0,0.0,results
FreeSolv,DNGOJoint,50,match,-1.0,248.0,0.0,0.0,0.0,results
FreeSolv,DNGOJoint,51,match,-1.0,248.0,0.0,0.0,0.0,results
FreeSolv,DNGOJoint,52,match,-1.0,248.0,0.0,0.0,0.0,results
FreeSolv,DNGOJoint,53,match,-1.0,248.0,0.0,0.0,0.0,results
FreeSolv,DNGOJoint,54,match,-1.0,248.0,0.0,0.0,0.0,results
FreeSolv,DNGOJoint,55,match,-1.0,248.0,0.0,0.0,0.0,results
FreeSolv,DNGOJoint,56,match,-1.0,248.0,0.0,0.0,0.0,results
FreeSolv,DNGOJoint,57,match,-1.0,248.0,0.0,0.0,0.0,results
FreeSolv,DNGOJoint,58,match,-1.0,248.0,0.0,0.0,0.0,results
FreeSolv,DNGOJoint,59,match,-1.0,248.0,0.0,0.0,0.0,results
FreeSolv,DNGOJoint,60,match,-1.0,248.0,0.0,0.0,0.0,results
FreeSolv,DNGOJoint,61,match,-1.0,248.0,0.0,0.0,0.0,results
FreeSolv,DomainAdaptationMMD,42,match,-1.0,248.0,0.0,0.0,0.0,results
FreeSolv,DomainAdaptationMMD,43,match,-1.0,248.0,0.0,0.0,0.0,results
FreeSolv,DomainAdaptationMMD,44,match,-1.0,248.0,0.0,0.0,0.0,results
FreeSolv,DomainAdaptationMMD,45,match,-1.0,248.0,0.0,0.0,0.0,results
FreeSolv,DomainAdaptationMMD,46,match,-1.0,248.0,0.0,0.0,0.0,results
FreeSolv,DomainAdaptationMMD,47,match,-1.0,248.0,0.0,0.0,0.0,results
FreeSolv,DomainAdaptationMMD,48,match,-1.0,248.0,0.0,0.0,0.0,results
FreeSolv,DomainAdaptationMMD,49,match,-1.0,248.0,0.0,0.0,0.0,results
FreeSolv,DomainAdaptationMMD,50,match,-1.0,248.0,0.0,0.0,0.0,results
FreeSolv,DomainAdaptationMMD,51,match,-1.0,248.0,0.0,0.0,0.0,results
FreeSolv,DomainAdaptationMMD,52,match,-1.0,248.0,0.0,0.0,0.0,results
FreeSolv,DomainAdaptationMMD,53,match,-1.0,248.0,0.0,0.0,0.0,results
FreeSolv,DomainAdaptationMMD,54,match,-1.0,248.0,0.0,0.0,0.0,results
FreeSolv,DomainAdaptationMMD,55,match,-1.0,248.0,0.0,0.0,0.0,results
FreeSolv,DomainAdaptationMMD,56,match,-1.0,248.0,0.0,0.0,0.0,results
FreeSolv,DomainAdaptationMMD,57,match,-1.0,248.0,0.0,0.0,0.0,results
FreeSolv,DomainAdaptationMMD,58,match,-1.0,248.0,0.0,0.0,0.0,results
FreeSolv,DomainAdaptationMMD,59,match,-1.0,248.0,0.0,0.0,0.0,results
FreeSolv,DomainAdaptationMMD,60,match,-1.0,248.0,0.0,0.0,0.0,results
FreeSolv,DomainAdaptationMMD,61,match,-1.0,248.0,0.0,0.0,0.0,results
FreeSolv,KnowledgeDistillation,42,match,-1.0,248.0,0.0,0.0,0.0,results
FreeSolv,KnowledgeDistillation,43,match,-1.0,248.0,0.0,0.0,0.0,results
FreeSolv,KnowledgeDistillation,44,match,-1.0,248.0,0.0,0.0,0.0,results
FreeSolv,KnowledgeDistillation,45,match,-1.0,248.0,0.0,0.0,0.0,results
FreeSolv,KnowledgeDistillation,46,match,-1.0,248.0,0.0,0.0,0.0,results
FreeSolv,KnowledgeDistillation,47,match,-1.0,248.0,0.0,0.0,0.0,results
FreeSolv,KnowledgeDistillation,48,match,-1.0,248.0,0.0,0.0,0.0,results
FreeSolv,KnowledgeDistillation,49,match,-1.0,248.0,0.0,0.0,0.0,results
FreeSolv,KnowledgeDistillation,50,match,-1.0,248.0,0.0,0.0,0.0,results
FreeSolv,KnowledgeDistillation,51,match,-1.0,248.0,0.0,0.0,0.0,results
FreeSolv,KnowledgeDistillation,52,match,-1.0,248.0,0.0,0.0,0.0,results
FreeSolv,KnowledgeDistillation,53,match,-1.0,248.0,0.0,0.0,0.0,results
FreeSolv,KnowledgeDistillation,54,match,-1.0,248.0,0.0,0.0,0.0,results
FreeSolv,KnowledgeDistillation,55,match,-1.0,248.0,0.0,0.0,0.0,results
FreeSolv,KnowledgeDistillation,56,match,-1.0,248.0,0.0,0.0,0.0,results
FreeSolv,KnowledgeDistillation,57,match,-1.0,248.0,0.0,0.0,0.0,results
FreeSolv,KnowledgeDistillation,58,match,-1.0,248.0,0.0,0.0,0.0,results
FreeSolv,KnowledgeDistillation,59,match,-1.0,248.0,0.0,0.0,0.0,results
FreeSolv,KnowledgeDistillation,60,match,-1.0,248.0,0.0,0.0,0.0,results
FreeSolv,KnowledgeDistillation,61,match,-1.0,248.0,0.0,0.0,0.0,results
FreeSolv,MFGP,42,match,-1.0,248.0,0.27,0.27,0.27,results
FreeSolv,MFGP,43,match,-1.0,248.0,0.0,0.0,0.0,results
FreeSolv,MFGP,44,match,-1.0,248.0,0.0,0.0,0.0,results
FreeSolv,MFGP,45,match,-1.0,248.0,0.0,0.0,0.0,results
FreeSolv,MFGP,46,match,-1.0,248.0,0.0,0.0,0.0,results
FreeSolv,MFGP,47,match,-1.0,248.0,0.0,0.0,0.0,results
FreeSolv,MFGP,48,match,-1.0,248.0,0.0,0.0,0.0,results
FreeSolv,MFGP,49,match,-1.0,248.0,0.0,0.0,0.0,results
FreeSolv,MFGP,50,match,-1.0,248.0,0.0,0.0,0.0,results
FreeSolv,MFGP,51,match,-1.0,248.0,0.0,0.0,0.0,results
FreeSolv,MFGP,52,match,-1.0,248.0,0.0,0.0,0.0,results
FreeSolv,MFGP,53,match,-1.0,248.0,0.0,0.0,0.0,results
FreeSolv,MFGP,54,match,-1.0,248.0,0.0,0.0,0.0,results
FreeSolv,MFGP,55,match,-1.0,248.0,0.0,0.0,0.0,results
FreeSolv,MFGP,56,match,-1.0,248.0,0.0,0.0,0.0,results
FreeSolv,MFGP,57,match,-1.0,248.0,0.0,0.0,0.0,results
FreeSolv,MFGP,58,match,-1.0,248.0,0.0,0.0,0.0,results
FreeSolv,MFGP,59,match,-1.0,248.0,0.0,0.0,0.0,results
FreeSolv,MFGP,60,no_ref,,,,,,
FreeSolv,MFGP,61,match,-1.0,248.0,0.0,0.0,0.0,results
FreeSolv,NARGP,42,match,-1.0,248.0,0.27,0.27,0.27,results
FreeSolv,NARGP,43,match,-1.0,248.0,5.5,5.5,5.12,results
FreeSolv,NARGP,44,match,-1.0,248.0,2.34,2.34,2.34,results
FreeSolv,NARGP,45,match,-1.0,248.0,6.35,6.35,2.34,results
FreeSolv,NARGP,46,match,-1.0,248.0,7.76,7.76,4.220000000000001,results
FreeSolv,NARGP,47,match,-1.0,248.0,6.35,6.35,3.46,results
FreeSolv,NARGP,48,match,-1.0,248.0,3.96,3.96,2.34,results
FreeSolv,NARGP,49,match,-1.0,248.0,5.390000000000001,5.390000000000001,4.220000000000001,results
FreeSolv,NARGP,50,match,-1.0,248.0,5.45,5.45,5.12,results
FreeSolv,NARGP,51,match,-1.0,248.0,5.390000000000001,5.390000000000001,4.41,results
FreeSolv,NARGP,52,match,-1.0,248.0,8.11,8.11,5.640000000000001,results
FreeSolv,NARGP,53,match,-1.0,248.0,5.12,5.12,5.12,results
FreeSolv,NARGP,54,match,-1.0,248.0,0.0,0.0,0.0,results
FreeSolv,NARGP,55,match,-1.0,248.0,0.31,0.31,0.31,results
FreeSolv,NARGP,56,match,-1.0,248.0,7.07,7.07,5.09,results
FreeSolv,NARGP,57,match,-1.0,248.0,6.630000000000001,6.630000000000001,2.34,results
FreeSolv,NARGP,58,match,-1.0,248.0,0.0,0.0,0.0,results
FreeSolv,NARGP,59,match,-1.0,248.0,5.79,5.79,5.12,results
FreeSolv,NARGP,60,match,-1.0,248.0,0.0,0.0,0.0,results
FreeSolv,NARGP,61,match,-1.0,248.0,6.36,6.36,3.46,results
FreeSolv,Progressive,42,match,-1.0,248.0,0.0,0.0,0.0,results
FreeSolv,Progressive,43,match,-1.0,248.0,0.0,0.0,0.0,results
FreeSolv,Progressive,44,match,-1.0,248.0,0.0,0.0,0.0,results
FreeSolv,Progressive,45,match,-1.0,248.0,0.0,0.0,0.0,results
FreeSolv,Progressive,46,match,-1.0,248.0,0.0,0.0,0.0,results
FreeSolv,Progressive,47,match,-1.0,248.0,0.0,0.0,0.0,results
FreeSolv,Progressive,48,match,-1.0,248.0,0.0,0.0,0.0,results
FreeSolv,Progressive,49,match,-1.0,248.0,0.0,0.0,0.0,results
FreeSolv,Progressive,50,match,-1.0,248.0,0.0,0.0,0.0,results
FreeSolv,Progressive,51,match,-1.0,248.0,0.0,0.0,0.0,results
FreeSolv,Progressive,52,match,-1.0,248.0,0.0,0.0,0.0,results
FreeSolv,Progressive,53,match,-1.0,248.0,0.0,0.0,0.0,results
FreeSolv,Progressive,54,match,-1.0,248.0,0.0,0.0,0.0,results
FreeSolv,Progressive,55,match,-1.0,248.0,0.0,0.0,0.0,results
FreeSolv,Progressive,56,match,-1.0,248.0,0.0,0.0,0.0,results
FreeSolv,Progressive,57,match,-1.0,248.0,0.0,0.0,0.0,results
FreeSolv,Progressive,58,match,-1.0,248.0,0.0,0.0,0.0,results
FreeSolv,Progressive,59,match,-1.0,248.0,0.0,0.0,0.0,results
FreeSolv,Progressive,60,match,-1.0,248.0,0.0,0.0,0.0,results
FreeSolv,Progressive,61,match,-1.0,248.0,0.0,0.0,0.0,results
FreeSolv,PseudoLabeling,42,match,-1.0,248.0,0.0,0.0,0.0,results
FreeSolv,PseudoLabeling,43,match,-1.0,248.0,0.0,0.0,0.0,results
FreeSolv,PseudoLabeling,44,match,-1.0,248.0,0.0,0.0,0.0,results
FreeSolv,PseudoLabeling,45,match,-1.0,248.0,0.0,0.0,0.0,results
FreeSolv,PseudoLabeling,46,match,-1.0,248.0,0.0,0.0,0.0,results
FreeSolv,PseudoLabeling,47,match,-1.0,248.0,0.0,0.0,0.0,results
FreeSolv,PseudoLabeling,48,match,-1.0,248.0,0.0,0.0,0.0,results
FreeSolv,PseudoLabeling,49,match,-1.0,248.0,0.0,0.0,0.0,results
FreeSolv,PseudoLabeling,50,match,-1.0,248.0,0.0,0.0,0.0,results
FreeSolv,PseudoLabeling,51,match,-1.0,248.0,0.0,0.0,0.0,results
FreeSolv,PseudoLabeling,52,match,-1.0,248.0,0.0,0.0,0.0,results
FreeSolv,PseudoLabeling,53,match,-1.0,248.0,0.0,0.0,0.0,results
FreeSolv,PseudoLabeling,54,match,-1.0,248.0,0.0,0.0,0.0,results
FreeSolv,PseudoLabeling,55,match,-1.0,248.0,0.0,0.0,0.0,results
FreeSolv,PseudoLabeling,56,match,-1.0,248.0,0.0,0.0,0.0,results
FreeSolv,PseudoLabeling,57,match,-1.0,248.0,0.0,0.0,0.0,results
FreeSolv,PseudoLabeling,58,match,-1.0,248.0,0.0,0.0,0.0,results
FreeSolv,PseudoLabeling,59,match,-1.0,248.0,0.0,0.0,0.0,results
FreeSolv,PseudoLabeling,60,match,-1.0,248.0,0.0,0.0,0.0,results
FreeSolv,PseudoLabeling,61,match,-1.0,248.0,0.0,0.0,0.0,results
FreeSolv,Sequential,42,match,-1.0,248.0,0.0,0.0,0.0,results
FreeSolv,Sequential,43,match,-1.0,248.0,0.0,0.0,0.0,results
FreeSolv,Sequential,44,match,-1.0,248.0,0.0,0.0,0.0,results
FreeSolv,Sequential,45,match,-1.0,248.0,0.0,0.0,0.0,results
FreeSolv,Sequential,46,match,-1.0,248.0,0.0,0.0,0.0,results
FreeSolv,Sequential,47,match,-1.0,248.0,0.0,0.0,0.0,results
FreeSolv,Sequential,48,match,-1.0,248.0,0.0,0.0,0.0,results
FreeSolv,Sequential,49,match,-1.0,248.0,0.0,0.0,0.0,results
FreeSolv,Sequential,50,match,-1.0,248.0,0.0,0.0,0.0,results
FreeSolv,Sequential,51,match,-1.0,248.0,0.0,0.0,0.0,results
FreeSolv,Sequential,52,match,-1.0,248.0,0.0,0.0,0.0,results
FreeSolv,Sequential,53,match,-1.0,248.0,0.0,0.0,0.0,results
FreeSolv,Sequential,54,match,-1.0,248.0,0.0,0.0,0.0,results
FreeSolv,Sequential,55,match,-1.0,248.0,0.0,0.0,0.0,results
FreeSolv,Sequential,56,match,-1.0,248.0,0.0,0.0,0.0,results
FreeSolv,Sequential,57,match,-1.0,248.0,0.0,0.0,0.0,results
FreeSolv,Sequential,58,match,-1.0,248.0,0.0,0.0,0.0,results
FreeSolv,Sequential,59,match,-1.0,248.0,0.0,0.0,0.0,results
FreeSolv,Sequential,60,match,-1.0,248.0,0.0,0.0,0.0,results
FreeSolv,Sequential,61,match,-1.0,248.0,0.0,0.0,0.0,results
FreeSolv,SoftParameterSharing,42,match,-1.0,248.0,0.0,0.0,0.0,results
FreeSolv,SoftParameterSharing,43,match,-1.0,248.0,0.0,0.0,0.0,results
FreeSolv,SoftParameterSharing,44,match,-1.0,248.0,0.0,0.0,0.0,results
FreeSolv,SoftParameterSharing,45,match,-1.0,248.0,0.0,0.0,0.0,results
FreeSolv,SoftParameterSharing,46,match,-1.0,248.0,0.0,0.0,0.0,results
FreeSolv,SoftParameterSharing,47,match,-1.0,248.0,0.0,0.0,0.0,results
FreeSolv,SoftParameterSharing,48,match,-1.0,248.0,0.0,0.0,0.0,results
FreeSolv,SoftParameterSharing,49,match,-1.0,248.0,0.0,0.0,0.0,results
FreeSolv,SoftParameterSharing,50,match,-1.0,248.0,0.0,0.0,0.0,results
FreeSolv,SoftParameterSharing,51,match,-1.0,248.0,0.0,0.0,0.0,results
FreeSolv,SoftParameterSharing,52,match,-1.0,248.0,0.0,0.0,0.0,results
FreeSolv,SoftParameterSharing,53,match,-1.0,248.0,0.0,0.0,0.0,results
FreeSolv,SoftParameterSharing,54,match,-1.0,248.0,0.0,0.0,0.0,results
FreeSolv,SoftParameterSharing,55,match,-1.0,248.0,0.0,0.0,0.0,results
FreeSolv,SoftParameterSharing,56,match,-1.0,248.0,0.0,0.0,0.0,results
FreeSolv,SoftParameterSharing,57,match,-1.0,248.0,0.0,0.0,0.0,results
FreeSolv,SoftParameterSharing,58,match,-1.0,248.0,0.0,0.0,0.0,results
FreeSolv,SoftParameterSharing,59,match,-1.0,248.0,0.0,0.0,0.0,results
FreeSolv,SoftParameterSharing,60,match,-1.0,248.0,0.0,0.0,0.0,results
FreeSolv,SoftParameterSharing,61,match,-1.0,248.0,0.0,0.0,0.0,results
FreeSolv,SparseMFGP,42,MISMATCH,154.0,248.0,0.0,0.27,0.0,results
FreeSolv,SparseMFGP,43,match,-1.0,248.0,0.0,0.0,0.0,results
FreeSolv,SparseMFGP,44,match,-1.0,248.0,0.0,0.0,0.0,results
FreeSolv,SparseMFGP,45,match,-1.0,248.0,0.0,0.0,0.0,results
FreeSolv,SparseMFGP,46,match,-1.0,248.0,0.0,0.0,0.0,results
FreeSolv,SparseMFGP,47,match,-1.0,248.0,0.0,0.0,0.0,results
FreeSolv,SparseMFGP,48,match,-1.0,248.0,0.0,0.0,0.0,results
FreeSolv,SparseMFGP,49,match,-1.0,248.0,0.0,0.0,0.0,results
FreeSolv,SparseMFGP,50,match,-1.0,248.0,0.0,0.0,0.0,results
FreeSolv,SparseMFGP,51,match,-1.0,248.0,0.0,0.0,0.0,results
FreeSolv,SparseMFGP,52,match,-1.0,248.0,0.0,0.0,0.0,results
FreeSolv,SparseMFGP,53,match,-1.0,248.0,0.0,0.0,0.0,results
FreeSolv,SparseMFGP,54,match,-1.0,248.0,0.0,0.0,0.0,results
FreeSolv,SparseMFGP,55,match,-1.0,248.0,0.0,0.0,0.0,results
FreeSolv,SparseMFGP,56,match,-1.0,248.0,0.0,0.0,0.0,results
FreeSolv,SparseMFGP,57,MISMATCH,44.0,248.0,0.27,0.27,0.0,results
FreeSolv,SparseMFGP,58,match,-1.0,248.0,0.0,0.0,0.0,results
FreeSolv,SparseMFGP,59,match,-1.0,248.0,0.0,0.0,0.0,results
FreeSolv,SparseMFGP,60,match,-1.0,248.0,0.0,0.0,0.0,results
FreeSolv,SparseMFGP,61,match,-1.0,248.0,0.0,0.0,0.0,results
FreeSolv,TwoStageJoint,42,match,-1.0,248.0,0.0,0.0,0.0,results
FreeSolv,TwoStageJoint,43,match,-1.0,248.0,0.0,0.0,0.0,results
FreeSolv,TwoStageJoint,44,match,-1.0,248.0,0.0,0.0,0.0,results
FreeSolv,TwoStageJoint,45,match,-1.0,248.0,0.0,0.0,0.0,results
FreeSolv,TwoStageJoint,46,match,-1.0,248.0,0.0,0.0,0.0,results
FreeSolv,TwoStageJoint,47,match,-1.0,248.0,0.0,0.0,0.0,results
FreeSolv,TwoStageJoint,48,match,-1.0,248.0,0.0,0.0,0.0,results
FreeSolv,TwoStageJoint,49,match,-1.0,248.0,0.0,0.0,0.0,results
FreeSolv,TwoStageJoint,50,match,-1.0,248.0,0.0,0.0,0.0,results
FreeSolv,TwoStageJoint,51,match,-1.0,248.0,0.0,0.0,0.0,results
FreeSolv,TwoStageJoint,52,match,-1.0,248.0,0.0,0.0,0.0,results
FreeSolv,TwoStageJoint,53,match,-1.0,248.0,0.0,0.0,0.0,results
FreeSolv,TwoStageJoint,54,match,-1.0,248.0,0.0,0.0,0.0,results
FreeSolv,TwoStageJoint,55,match,-1.0,248.0,0.0,0.0,0.0,results
FreeSolv,TwoStageJoint,56,match,-1.0,248.0,0.0,0.0,0.0,results
FreeSolv,TwoStageJoint,57,match,-1.0,248.0,0.0,0.0,0.0,results
FreeSolv,TwoStageJoint,58,match,-1.0,248.0,0.0,0.0,0.0,results
FreeSolv,TwoStageJoint,59,match,-1.0,248.0,0.0,0.0,0.0,results
FreeSolv,TwoStageJoint,60,match,-1.0,248.0,0.0,0.0,0.0,results
FreeSolv,TwoStageJoint,61,match,-1.0,248.0,0.0,0.0,0.0,results
HOPV15,Adapter,42,match,-1.0,143.0,0.0,0.0,0.0,results
HOPV15,Adapter,43,match,-1.0,143.0,3.9,3.9,0.0,results
HOPV15,Adapter,44,match,-1.0,143.0,0.0,0.0,0.0,results
HOPV15,Adapter,45,match,-1.0,143.0,0.0,0.0,0.0,results
HOPV15,Adapter,46,match,-1.0,143.0,3.9,3.9,0.0,results
HOPV15,Adapter,47,match,-1.0,143.0,3.9,3.9,0.0,results
HOPV15,Adapter,48,match,-1.0,143.0,3.9,3.9,0.0,results
HOPV15,Adapter,49,match,-1.0,143.0,3.9,3.9,2.619999999999999,results
HOPV15,Adapter,50,match,-1.0,143.0,4.299999999999999,4.299999999999999,0.0,results
HOPV15,Adapter,51,match,-1.0,143.0,0.0,0.0,0.0,results
HOPV15,Adapter,52,match,-1.0,143.0,3.499999999999999,3.499999999999999,0.0,results
HOPV15,Adapter,53,match,-1.0,143.0,0.0,0.0,0.0,results
HOPV15,Adapter,54,match,-1.0,143.0,0.0,0.0,0.0,results
HOPV15,Adapter,55,match,-1.0,143.0,3.9,3.9,0.0,results
HOPV15,Adapter,56,match,-1.0,143.0,0.0,0.0,0.0,results
HOPV15,Adapter,57,match,-1.0,143.0,0.0,0.0,0.0,results
HOPV15,Adapter,58,match,-1.0,143.0,3.499999999999999,3.499999999999999,0.0,results
HOPV15,Adapter,59,match,-1.0,143.0,2.8999999999999995,2.8999999999999995,0.0,results
HOPV15,Adapter,60,match,-1.0,143.0,0.0,0.0,0.0,results
HOPV15,Adapter,61,match,-1.0,143.0,4.299999999999999,4.299999999999999,0.0,results
HOPV15,Curriculum,42,match,-1.0,143.0,0.0,0.0,0.0,results
HOPV15,Curriculum,43,match,-1.0,143.0,0.0,0.0,0.0,results
HOPV15,Curriculum,44,match,-1.0,143.0,0.0,0.0,0.0,results
HOPV15,Curriculum,45,match,-1.0,143.0,0.0,0.0,0.0,results
HOPV15,Curriculum,46,match,-1.0,143.0,0.0,0.0,0.0,results
HOPV15,Curriculum,47,match,-1.0,143.0,0.0,0.0,0.0,results
HOPV15,Curriculum,48,match,-1.0,143.0,0.0,0.0,0.0,results
HOPV15,Curriculum,49,match,-1.0,143.0,4.299999999999999,4.299999999999999,3.499999999999999,results
HOPV15,Curriculum,50,match,-1.0,143.0,0.0,0.0,0.0,results
HOPV15,Curriculum,51,match,-1.0,143.0,0.0,0.0,0.0,results
HOPV15,Curriculum,52,match,-1.0,143.0,0.0,0.0,0.0,results
HOPV15,Curriculum,53,match,-1.0,143.0,0.0,0.0,0.0,results
HOPV15,Curriculum,54,match,-1.0,143.0,0.0,0.0,0.0,results
HOPV15,Curriculum,55,match,-1.0,143.0,2.8999999999999995,2.8999999999999995,0.0,results
HOPV15,Curriculum,56,match,-1.0,143.0,0.0,0.0,0.0,results
HOPV15,Curriculum,57,match,-1.0,143.0,3.9,3.9,0.0,results
HOPV15,Curriculum,58,match,-1.0,143.0,0.0,0.0,0.0,results
HOPV15,Curriculum,59,match,-1.0,143.0,0.0,0.0,0.0,results
HOPV15,Curriculum,60,match,-1.0,143.0,0.0,0.0,0.0,results
HOPV15,Curriculum,61,match,-1.0,143.0,3.499999999999999,3.499999999999999,0.0,results
HOPV15,DKL,42,no_ref,,,,,,
HOPV15,DKL,43,no_ref,,,,,,
HOPV15,DKL,44,no_ref,,,,,,
HOPV15,DKL,45,no_ref,,,,,,
HOPV15,DKL,46,no_ref,,,,,,
HOPV15,DKL,47,no_ref,,,,,,
HOPV15,DKL,48,no_ref,,,,,,
HOPV15,DKL,49,no_ref,,,,,,
HOPV15,DKL,50,no_ref,,,,,,
HOPV15,DKL,51,no_ref,,,,,,
HOPV15,DKL,52,no_ref,,,,,,
HOPV15,DKL,53,no_ref,,,,,,
HOPV15,DKL,54,no_ref,,,,,,
HOPV15,DKL,55,no_ref,,,,,,
HOPV15,DKL,56,no_ref,,,,,,
HOPV15,DKL,57,no_ref,,,,,,
HOPV15,DKL,58,no_ref,,,,,,
HOPV15,DKL,59,no_ref,,,,,,
HOPV15,DKL,60,no_ref,,,,,,
HOPV15,DKL,61,no_ref,,,,,,
HOPV15,DNGOGradient,42,match,-1.0,143.0,3.9,3.9,0.0,results
HOPV15,DNGOGradient,43,match,-1.0,143.0,3.9,3.9,0.0,results
HOPV15,DNGOGradient,44,match,-1.0,143.0,0.0,0.0,0.0,results
HOPV15,DNGOGradient,45,match,-1.0,143.0,0.0,0.0,0.0,results
HOPV15,DNGOGradient,46,match,-1.0,143.0,4.299999999999999,4.299999999999999,0.0,results
HOPV15,DNGOGradient,47,match,-1.0,143.0,3.9,3.9,0.0,results
HOPV15,DNGOGradient,48,match,-1.0,143.0,0.0,0.0,0.0,results
HOPV15,DNGOGradient,49,match,-1.0,143.0,3.9,3.9,3.6,results
HOPV15,DNGOGradient,50,match,-1.0,143.0,3.9,3.9,0.0,results
HOPV15,DNGOGradient,51,match,-1.0,143.0,0.0,0.0,0.0,results
HOPV15,DNGOGradient,52,match,-1.0,143.0,0.0,0.0,0.0,results
HOPV15,DNGOGradient,53,match,-1.0,143.0,0.0,0.0,0.0,results
HOPV15,DNGOGradient,54,match,-1.0,143.0,3.9,3.9,0.0,results
HOPV15,DNGOGradient,55,match,-1.0,143.0,0.0,0.0,0.0,results
HOPV15,DNGOGradient,56,match,-1.0,143.0,0.0,0.0,0.0,results
HOPV15,DNGOGradient,57,match,-1.0,143.0,0.0,0.0,0.0,results
HOPV15,DNGOGradient,58,match,-1.0,143.0,3.9,3.9,0.0,results
HOPV15,DNGOGradient,59,match,-1.0,143.0,3.9,3.9,0.0,results
HOPV15,DNGOGradient,60,match,-1.0,143.0,0.0,0.0,0.0,results
HOPV15,DNGOGradient,61,match,-1.0,143.0,3.9,3.9,0.0,results
HOPV15,DNGOJoint,42,match,-1.0,143.0,3.9,3.9,0.0,results
HOPV15,DNGOJoint,43,match,-1.0,143.0,0.0,0.0,0.0,results
HOPV15,DNGOJoint,44,match,-1.0,143.0,0.0,0.0,0.0,results
HOPV15,DNGOJoint,45,match,-1.0,143.0,3.9,3.9,0.0,results
HOPV15,DNGOJoint,46,match,-1.0,143.0,0.0,0.0,0.0,results
HOPV15,DNGOJoint,47,match,-1.0,143.0,3.499999999999999,3.499999999999999,0.0,results
HOPV15,DNGOJoint,48,match,-1.0,143.0,0.0,0.0,0.0,results
HOPV15,DNGOJoint,49,match,-1.0,143.0,3.9,3.9,2.619999999999999,results
HOPV15,DNGOJoint,50,match,-1.0,143.0,0.0,0.0,0.0,results
HOPV15,DNGOJoint,51,match,-1.0,143.0,0.0,0.0,0.0,results
HOPV15,DNGOJoint,52,match,-1.0,143.0,0.0,0.0,0.0,results
HOPV15,DNGOJoint,53,match,-1.0,143.0,3.9,3.9,0.0,results
HOPV15,DNGOJoint,54,match,-1.0,143.0,3.9,3.9,0.0,results
HOPV15,DNGOJoint,55,match,-1.0,143.0,3.9,3.9,0.0,results
HOPV15,DNGOJoint,56,match,-1.0,143.0,0.0,0.0,0.0,results
HOPV15,DNGOJoint,57,match,-1.0,143.0,3.9,3.9,0.0,results
HOPV15,DNGOJoint,58,match,-1.0,143.0,0.0,0.0,0.0,results
HOPV15,DNGOJoint,59,match,-1.0,143.0,2.8999999999999995,2.8999999999999995,0.0,results
HOPV15,DNGOJoint,60,match,-1.0,143.0,0.0,0.0,0.0,results
HOPV15,DNGOJoint,61,match,-1.0,143.0,0.0,0.0,0.0,results
HOPV15,DomainAdaptationMMD,42,match,-1.0,143.0,0.0,0.0,0.0,results
HOPV15,DomainAdaptationMMD,43,match,-1.0,143.0,0.0,0.0,0.0,results
HOPV15,DomainAdaptationMMD,44,match,-1.0,143.0,2.8999999999999995,2.8999999999999995,0.0,results
HOPV15,DomainAdaptationMMD,45,match,-1.0,143.0,3.9,3.9,0.0,results
HOPV15,DomainAdaptationMMD,46,match,-1.0,143.0,3.9,3.9,0.0,results
HOPV15,DomainAdaptationMMD,47,match,-1.0,143.0,3.499999999999999,3.499999999999999,0.0,results
HOPV15,DomainAdaptationMMD,48,match,-1.0,143.0,3.499999999999999,3.499999999999999,0.0,results
HOPV15,DomainAdaptationMMD,49,match,-1.0,143.0,3.499999999999999,3.499999999999999,3.499999999999999,results
HOPV15,DomainAdaptationMMD,50,match,-1.0,143.0,0.0,0.0,0.0,results
HOPV15,DomainAdaptationMMD,51,match,-1.0,143.0,0.0,0.0,0.0,results
HOPV15,DomainAdaptationMMD,52,match,-1.0,143.0,0.0,0.0,0.0,results
HOPV15,DomainAdaptationMMD,53,match,-1.0,143.0,3.499999999999999,3.499999999999999,0.0,results
HOPV15,DomainAdaptationMMD,54,match,-1.0,143.0,3.9,3.9,0.0,results
HOPV15,DomainAdaptationMMD,55,match,-1.0,143.0,0.0,0.0,0.0,results
HOPV15,DomainAdaptationMMD,56,match,-1.0,143.0,3.9,3.9,0.0,results
HOPV15,DomainAdaptationMMD,57,match,-1.0,143.0,0.0,0.0,0.0,results
HOPV15,DomainAdaptationMMD,58,match,-1.0,143.0,3.2,3.1999999999999997,3.1999999999999997,results
HOPV15,DomainAdaptationMMD,59,match,-1.0,143.0,0.0,0.0,0.0,results
HOPV15,DomainAdaptationMMD,60,match,-1.0,143.0,0.0,0.0,0.0,results
HOPV15,DomainAdaptationMMD,61,match,-1.0,143.0,3.9,3.9,0.0,results
HOPV15,KnowledgeDistillation,42,match,-1.0,143.0,0.0,0.0,0.0,results
HOPV15,KnowledgeDistillation,43,match,-1.0,143.0,0.0,0.0,0.0,results
HOPV15,KnowledgeDistillation,44,match,-1.0,143.0,0.0,0.0,0.0,results
HOPV15,KnowledgeDistillation,45,match,-1.0,143.0,0.0,0.0,0.0,results
HOPV15,KnowledgeDistillation,46,match,-1.0,143.0,0.0,0.0,0.0,results
HOPV15,KnowledgeDistillation,47,match,-1.0,143.0,0.0,0.0,0.0,results
HOPV15,KnowledgeDistillation,48,match,-1.0,143.0,0.0,0.0,0.0,results
HOPV15,KnowledgeDistillation,49,match,-1.0,143.0,4.299999999999999,4.299999999999999,3.499999999999999,results
HOPV15,KnowledgeDistillation,50,match,-1.0,143.0,0.0,0.0,0.0,results
HOPV15,KnowledgeDistillation,51,match,-1.0,143.0,0.0,0.0,0.0,results
HOPV15,KnowledgeDistillation,52,match,-1.0,143.0,0.0,0.0,0.0,results
HOPV15,KnowledgeDistillation,53,match,-1.0,143.0,0.0,0.0,0.0,results
HOPV15,KnowledgeDistillation,54,match,-1.0,143.0,0.0,0.0,0.0,results
HOPV15,KnowledgeDistillation,55,match,-1.0,143.0,2.8999999999999995,2.8999999999999995,0.0,results
HOPV15,KnowledgeDistillation,56,match,-1.0,143.0,0.0,0.0,0.0,results
HOPV15,KnowledgeDistillation,57,match,-1.0,143.0,3.9,3.9,0.0,results
HOPV15,KnowledgeDistillation,58,match,-1.0,143.0,0.0,0.0,0.0,results
HOPV15,KnowledgeDistillation,59,match,-1.0,143.0,0.0,0.0,0.0,results
HOPV15,KnowledgeDistillation,60,match,-1.0,143.0,0.0,0.0,0.0,results
HOPV15,KnowledgeDistillation,61,match,-1.0,143.0,3.499999999999999,3.499999999999999,0.0,results
HOPV15,MFGP,42,match,-1.0,143.0,3.9,3.9,3.9,results
HOPV15,MFGP,43,match,-1.0,143.0,3.9,3.9,3.9,results
HOPV15,MFGP,44,match,-1.0,143.0,0.0,0.0,0.0,results
HOPV15,MFGP,45,match,-1.0,143.0,0.0,0.0,0.0,results
HOPV15,MFGP,46,match,-1.0,143.0,0.0,0.0,0.0,results
HOPV15,MFGP,47,match,-1.0,143.0,0.0,0.0,0.0,results
HOPV15,MFGP,48,match,-1.0,143.0,3.9,3.9,3.9,results
HOPV15,MFGP,49,match,-1.0,143.0,0.0,0.0,0.0,results
HOPV15,MFGP,50,match,-1.0,143.0,3.9,3.9,3.9,results
HOPV15,MFGP,51,match,-1.0,143.0,3.499999999999999,3.499999999999999,3.499999999999999,results
HOPV15,MFGP,52,match,-1.0,143.0,0.0,0.0,0.0,results
HOPV15,MFGP,53,match,-1.0,143.0,3.9,3.9,3.9,results
HOPV15,MFGP,54,match,-1.0,143.0,0.0,0.0,0.0,results
HOPV15,MFGP,55,match,-1.0,143.0,3.9,3.9,3.9,results
HOPV15,MFGP,56,match,-1.0,143.0,3.9,3.9,3.9,results
HOPV15,MFGP,57,match,-1.0,143.0,0.0,0.0,0.0,results
HOPV15,MFGP,58,match,-1.0,143.0,3.9,3.9,3.9,results
HOPV15,MFGP,59,match,-1.0,143.0,3.9,3.9,3.9,results
HOPV15,MFGP,60,match,-1.0,143.0,3.9,3.9,3.9,results
HOPV15,MFGP,61,match,-1.0,143.0,0.0,0.0,0.0,results
HOPV15,NARGP,42,match,-1.0,143.0,1.5999999999999996,1.5999999999999996,1.5999999999999996,results
HOPV15,NARGP,43,match,-1.0,143.0,5.459999999999999,5.459999999999999,3.879999999999999,results
HOPV15,NARGP,44,match,-1.0,143.0,1.5999999999999996,1.5999999999999996,1.5999999999999996,results
HOPV15,NARGP,45,match,-1.0,143.0,3.499999999999999,3.499999999999999,3.499999999999999,results
HOPV15,NARGP,46,match,-1.0,143.0,2.469999999999999,2.469999999999999,1.5999999999999996,results
HOPV15,NARGP,47,match,-1.0,143.0,3.789999999999999,3.789999999999999,2.129999999999999,results
HOPV15,NARGP,48,match,-1.0,143.0,5.319999999999999,5.319999999999999,4.4,results
HOPV15,NARGP,49,match,-1.0,143.0,2.39,2.39,1.5999999999999996,results
HOPV15,NARGP,50,match,-1.0,143.0,3.53,3.53,1.5999999999999996,results
HOPV15,NARGP,51,match,-1.0,143.0,3.499999999999999,3.499999999999999,2.39,results
HOPV15,NARGP,52,match,-1.0,143.0,2.129999999999999,2.129999999999999,2.129999999999999,results
HOPV15,NARGP,53,match,-1.0,143.0,2.129999999999999,2.129999999999999,2.129999999999999,results
HOPV15,NARGP,54,match,-1.0,143.0,5.459999999999999,5.459999999999999,3.879999999999999,results
HOPV15,NARGP,55,match,-1.0,143.0,5.459999999999999,5.459999999999999,3.879999999999999,results
HOPV15,NARGP,56,match,-1.0,143.0,3.789999999999999,3.789999999999999,2.129999999999999,results
HOPV15,NARGP,57,match,-1.0,143.0,3.499999999999999,3.499999999999999,3.499999999999999,results
HOPV15,NARGP,58,match,-1.0,143.0,1.5999999999999996,1.5999999999999996,1.5999999999999996,results
HOPV15,NARGP,59,match,-1.0,143.0,1.5999999999999996,1.5999999999999996,1.5999999999999996,results
HOPV15,NARGP,60,match,-1.0,143.0,5.459999999999999,5.459999999999999,3.879999999999999,results
HOPV15,NARGP,61,match,-1.0,143.0,2.129999999999999,2.129999999999999,2.129999999999999,results
HOPV15,Progressive,42,match,-1.0,143.0,4.699999999999999,4.699999999999999,0.0,results
HOPV15,Progressive,43,match,-1.0,143.0,4.699999999999999,4.699999999999999,3.9,results
HOPV15,Progressive,44,match,-1.0,143.0,2.8999999999999995,2.8999999999999995,2.8999999999999995,results
HOPV15,Progressive,45,match,-1.0,143.0,4.699999999999999,4.699999999999999,4.699999999999999,results
HOPV15,Progressive,46,match,-1.0,143.0,0.0,0.0,0.0,results
HOPV15,Progressive,47,match,-1.0,143.0,3.2,3.1999999999999997,3.1999999999999997,results
HOPV15,Progressive,48,match,-1.0,143.0,3.2,3.1999999999999997,2.8999999999999995,results
HOPV15,Progressive,49,match,-1.0,143.0,3.2,3.1999999999999997,3.1999999999999997,results
HOPV15,Progressive,50,match,-1.0,143.0,4.699999999999999,4.699999999999999,2.8999999999999995,results
HOPV15,Progressive,51,match,-1.0,143.0,0.0,0.0,0.0,results
HOPV15,Progressive,52,match,-1.0,143.0,3.499999999999999,3.499999999999999,3.499999999999999,results
HOPV15,Progressive,53,match,-1.0,143.0,4.629999999999999,4.629999999999999,3.999999999999999,results
HOPV15,Progressive,54,match,-1.0,143.0,4.699999999999999,4.699999999999999,4.699999999999999,results
HOPV15,Progressive,55,match,-1.0,143.0,3.6,3.6,3.6,results
HOPV15,Progressive,56,match,-1.0,143.0,0.0,0.0,0.0,results
HOPV15,Progressive,57,match,-1.0,143.0,0.0,0.0,0.0,results
HOPV15,Progressive,58,match,-1.0,143.0,4.699999999999999,4.699999999999999,4.109999999999999,results
HOPV15,Progressive,59,match,-1.0,143.0,4.02,4.02,4.02,results
HOPV15,Progressive,60,match,-1.0,143.0,4.699999999999999,4.699999999999999,4.699999999999999,results
HOPV15,Progressive,61,match,-1.0,143.0,4.629999999999999,4.629999999999999,4.629999999999999,results
HOPV15,PseudoLabeling,42,match,-1.0,143.0,0.0,0.0,0.0,results
HOPV15,PseudoLabeling,43,match,-1.0,143.0,0.0,0.0,0.0,results
HOPV15,PseudoLabeling,44,match,-1.0,143.0,0.0,0.0,0.0,results
HOPV15,PseudoLabeling,45,match,-1.0,143.0,0.0,0.0,0.0,results
HOPV15,PseudoLabeling,46,match,-1.0,143.0,0.0,0.0,0.0,results
HOPV15,PseudoLabeling,47,match,-1.0,143.0,0.0,0.0,0.0,results
HOPV15,PseudoLabeling,48,match,-1.0,143.0,0.0,0.0,0.0,results
HOPV15,PseudoLabeling,49,match,-1.0,143.0,4.299999999999999,4.299999999999999,3.499999999999999,results
HOPV15,PseudoLabeling,50,match,-1.0,143.0,0.0,0.0,0.0,results
HOPV15,PseudoLabeling,51,match,-1.0,143.0,0.0,0.0,0.0,results
HOPV15,PseudoLabeling,52,match,-1.0,143.0,0.0,0.0,0.0,results
HOPV15,PseudoLabeling,53,match,-1.0,143.0,0.0,0.0,0.0,results
HOPV15,PseudoLabeling,54,match,-1.0,143.0,0.0,0.0,0.0,results
HOPV15,PseudoLabeling,55,match,-1.0,143.0,2.8999999999999995,2.8999999999999995,0.0,results
HOPV15,PseudoLabeling,56,match,-1.0,143.0,0.0,0.0,0.0,results
HOPV15,PseudoLabeling,57,match,-1.0,143.0,3.9,3.9,0.0,results
HOPV15,PseudoLabeling,58,match,-1.0,143.0,0.0,0.0,0.0,results
HOPV15,PseudoLabeling,59,match,-1.0,143.0,0.0,0.0,0.0,results
HOPV15,PseudoLabeling,60,match,-1.0,143.0,0.0,0.0,0.0,results
HOPV15,PseudoLabeling,61,match,-1.0,143.0,3.499999999999999,3.499999999999999,0.0,results
HOPV15,Sequential,42,match,-1.0,143.0,0.0,0.0,0.0,results
HOPV15,Sequential,43,match,-1.0,143.0,0.0,0.0,0.0,results
HOPV15,Sequential,44,match,-1.0,143.0,0.0,0.0,0.0,results
HOPV15,Sequential,45,match,-1.0,143.0,0.0,0.0,0.0,results
HOPV15,Sequential,46,match,-1.0,143.0,0.0,0.0,0.0,results
HOPV15,Sequential,47,match,-1.0,143.0,0.0,0.0,0.0,results
HOPV15,Sequential,48,match,-1.0,143.0,0.0,0.0,0.0,results
HOPV15,Sequential,49,match,-1.0,143.0,3.499999999999999,3.499999999999999,0.0,results
HOPV15,Sequential,50,match,-1.0,143.0,4.109999999999999,4.109999999999999,0.0,results
HOPV15,Sequential,51,match,-1.0,143.0,0.0,0.0,0.0,results
HOPV15,Sequential,52,match,-1.0,143.0,3.499999999999999,3.499999999999999,0.0,results
HOPV15,Sequential,53,match,-1.0,143.0,0.0,0.0,0.0,results
HOPV15,Sequential,54,match,-1.0,143.0,0.0,0.0,0.0,results
HOPV15,Sequential,55,match,-1.0,143.0,2.8999999999999995,2.8999999999999995,0.0,results
HOPV15,Sequential,56,match,-1.0,143.0,0.0,0.0,0.0,results
HOPV15,Sequential,57,match,-1.0,143.0,0.0,0.0,0.0,results
HOPV15,Sequential,58,match,-1.0,143.0,0.0,0.0,0.0,results
HOPV15,Sequential,59,match,-1.0,143.0,0.0,0.0,0.0,results
HOPV15,Sequential,60,match,-1.0,143.0,3.9,3.9,0.0,results
HOPV15,Sequential,61,match,-1.0,143.0,0.0,0.0,0.0,results
HOPV15,SoftParameterSharing,42,match,-1.0,143.0,4.699999999999999,4.699999999999999,0.0,results
HOPV15,SoftParameterSharing,43,match,-1.0,143.0,3.999999999999999,3.999999999999999,3.999999999999999,results
HOPV15,SoftParameterSharing,44,match,-1.0,143.0,2.8999999999999995,2.8999999999999995,2.8999999999999995,results
HOPV15,SoftParameterSharing,45,match,-1.0,143.0,4.699999999999999,4.699999999999999,4.699999999999999,results
HOPV15,SoftParameterSharing,46,match,-1.0,143.0,3.499999999999999,3.499999999999999,3.1999999999999997,results
HOPV15,SoftParameterSharing,47,match,-1.0,143.0,0.0,0.0,0.0,results
HOPV15,SoftParameterSharing,48,match,-1.0,143.0,0.0,0.0,0.0,results
HOPV15,SoftParameterSharing,49,match,-1.0,143.0,3.499999999999999,3.499999999999999,2.8999999999999995,results
HOPV15,SoftParameterSharing,50,match,-1.0,143.0,4.699999999999999,4.699999999999999,4.699999999999999,results
HOPV15,SoftParameterSharing,51,match,-1.0,143.0,0.0,0.0,0.0,results
HOPV15,SoftParameterSharing,52,match,-1.0,143.0,3.499999999999999,3.499999999999999,0.0,results
HOPV15,SoftParameterSharing,53,match,-1.0,143.0,0.0,0.0,0.0,results
HOPV15,SoftParameterSharing,54,match,-1.0,143.0,4.699999999999999,4.699999999999999,4.699999999999999,results
HOPV15,SoftParameterSharing,55,match,-1.0,143.0,4.699999999999999,4.699999999999999,4.629999999999999,results
HOPV15,SoftParameterSharing,56,match,-1.0,143.0,4.699999999999999,4.699999999999999,4.699999999999999,results
HOPV15,SoftParameterSharing,57,match,-1.0,143.0,0.0,0.0,0.0,results
HOPV15,SoftParameterSharing,58,match,-1.0,143.0,4.109999999999999,4.109999999999999,2.8999999999999995,results
HOPV15,SoftParameterSharing,59,match,-1.0,143.0,3.2,3.1999999999999997,0.0,results
HOPV15,SoftParameterSharing,60,match,-1.0,143.0,4.02,4.02,4.02,results
HOPV15,SoftParameterSharing,61,match,-1.0,143.0,0.0,0.0,0.0,results
HOPV15,SparseMFGP,42,match,-1.0,143.0,3.9,3.9,3.9,results
HOPV15,SparseMFGP,43,match,-1.0,143.0,3.9,3.9,3.6,results
HOPV15,SparseMFGP,44,match,-1.0,143.0,3.6,3.6,0.0,results
HOPV15,SparseMFGP,45,match,-1.0,143.0,3.6,3.6,0.0,results
HOPV15,SparseMFGP,46,match,-1.0,143.0,3.6,3.6,0.0,results
HOPV15,SparseMFGP,47,MISMATCH,110.0,143.0,3.6,3.9,0.0,results
HOPV15,SparseMFGP,48,match,-1.0,143.0,3.9,3.9,0.0,results
HOPV15,SparseMFGP,49,MISMATCH,132.0,143.0,3.6,3.9,0.0,results
HOPV15,SparseMFGP,50,match,-1.0,143.0,3.9,3.9,3.6,results
HOPV15,SparseMFGP,51,match,-1.0,143.0,3.499999999999999,3.499999999999999,0.0,results
HOPV15,SparseMFGP,52,match,-1.0,143.0,3.499999999999999,3.499999999999999,0.0,results
HOPV15,SparseMFGP,53,match,-1.0,143.0,3.9,3.9,3.6,results
HOPV15,SparseMFGP,54,match,-1.0,143.0,3.9,3.9,0.0,results
HOPV15,SparseMFGP,55,match,-1.0,143.0,3.9,3.9,3.6,results
HOPV15,SparseMFGP,56,match,-1.0,143.0,3.9,3.9,0.0,results
HOPV15,SparseMFGP,57,match,-1.0,143.0,3.9,3.9,0.0,results
HOPV15,SparseMFGP,58,MISMATCH,88.0,143.0,3.6,3.9,0.0,results
HOPV15,SparseMFGP,59,match,-1.0,143.0,3.9,3.9,0.0,results
HOPV15,SparseMFGP,60,MISMATCH,66.0,143.0,0.0,3.9,3.6,results
HOPV15,SparseMFGP,61,MISMATCH,132.0,143.0,3.9,3.6,0.0,results
HOPV15,TwoStageJoint,42,match,-1.0,143.0,3.2,3.1999999999999997,3.1999999999999997,results
HOPV15,TwoStageJoint,43,match,-1.0,143.0,2.8999999999999995,2.8999999999999995,0.0,results
HOPV15,TwoStageJoint,44,match,-1.0,143.0,0.0,0.0,0.0,results
HOPV15,TwoStageJoint,45,match,-1.0,143.0,2.8999999999999995,2.8999999999999995,2.8999999999999995,results
HOPV15,TwoStageJoint,46,match,-1.0,143.0,4.02,4.02,3.999999999999999,results
HOPV15,TwoStageJoint,47,match,-1.0,143.0,4.499999999999999,4.499999999999999,0.0,results
HOPV15,TwoStageJoint,48,match,-1.0,143.0,0.0,0.0,0.0,results
HOPV15,TwoStageJoint,49,match,-1.0,143.0,3.2,3.1999999999999997,2.39,results
HOPV15,TwoStageJoint,50,match,-1.0,143.0,3.499999999999999,3.499999999999999,0.0,results
HOPV15,TwoStageJoint,51,match,-1.0,143.0,0.0,0.0,0.0,results
HOPV15,TwoStageJoint,52,match,-1.0,143.0,0.0,0.0,0.0,results
HOPV15,TwoStageJoint,53,match,-1.0,143.0,0.0,0.0,0.0,results
HOPV15,TwoStageJoint,54,match,-1.0,143.0,3.2,3.1999999999999997,0.0,results
HOPV15,TwoStageJoint,55,match,-1.0,143.0,4.299999999999999,4.299999999999999,0.0,results
HOPV15,TwoStageJoint,56,match,-1.0,143.0,1.5999999999999996,1.5999999999999996,1.5999999999999996,results
HOPV15,TwoStageJoint,57,match,-1.0,143.0,5.199999999999999,5.199999999999999,0.0,results
HOPV15,TwoStageJoint,58,match,-1.0,143.0,3.499999999999999,3.499999999999999,0.0,results
HOPV15,TwoStageJoint,59,match,-1.0,143.0,0.0,0.0,0.0,results
HOPV15,TwoStageJoint,60,match,-1.0,143.0,0.0,0.0,0.0,results
HOPV15,TwoStageJoint,61,match,-1.0,143.0,0.0,0.0,0.0,results
Matbench-Gap,Adapter,42,match,-1.0,169.0,0.0,0.0,0.0,results
Matbench-Gap,Adapter,43,match,-1.0,169.0,0.1,0.1,0.1,results
Matbench-Gap,Adapter,44,match,-1.0,169.0,0.1,0.1,0.1,results
Matbench-Gap,Adapter,45,match,-1.0,169.0,0.3999999999999999,0.3999999999999999,0.03,results
Matbench-Gap,Adapter,46,match,-1.0,169.0,0.0,0.0,0.0,results
Matbench-Gap,Adapter,47,match,-1.0,169.0,0.01,0.01,0.01,results
Matbench-Gap,Adapter,48,match,-1.0,169.0,0.24,0.24,0.2000000000000001,results
Matbench-Gap,Adapter,49,match,-1.0,169.0,0.01,0.01,0.01,results
Matbench-Gap,Adapter,50,match,-1.0,169.0,0.1,0.1,0.1,results
Matbench-Gap,Adapter,51,match,-1.0,169.0,0.01,0.01,0.01,results
Matbench-Gap,Adapter,52,match,-1.0,169.0,0.0,0.0,0.0,results
Matbench-Gap,Adapter,53,match,-1.0,169.0,0.01,0.01,0.01,results
Matbench-Gap,Adapter,54,match,-1.0,169.0,0.01,0.01,0.01,results
Matbench-Gap,Adapter,55,match,-1.0,169.0,0.0,0.0,0.0,results
Matbench-Gap,Adapter,56,match,-1.0,169.0,0.01,0.01,0.01,results
Matbench-Gap,Adapter,57,match,-1.0,169.0,0.01,0.01,0.01,results
Matbench-Gap,Adapter,58,match,-1.0,169.0,0.01,0.01,0.01,results
Matbench-Gap,Adapter,59,match,-1.0,169.0,0.0699999999999998,0.0699999999999998,0.05,results
Matbench-Gap,Adapter,60,match,-1.0,169.0,0.2999999999999998,0.2999999999999998,0.24,results
Matbench-Gap,Adapter,61,match,-1.0,169.0,0.1,0.1,0.01,results
Matbench-Gap,Curriculum,42,match,-1.0,169.0,0.01,0.01,0.01,results
Matbench-Gap,Curriculum,43,match,-1.0,169.0,0.1,0.1,0.1,results
Matbench-Gap,Curriculum,44,match,-1.0,169.0,0.1,0.1,0.0,results
Matbench-Gap,Curriculum,45,match,-1.0,169.0,0.3999999999999999,0.3999999999999999,0.1700000000000001,results
Matbench-Gap,Curriculum,46,match,-1.0,169.0,0.4300000000000001,0.4300000000000001,0.01,results
Matbench-Gap,Curriculum,47,match,-1.0,169.0,0.1,0.1,0.1,results
Matbench-Gap,Curriculum,48,match,-1.0,169.0,0.2000000000000001,0.2000000000000001,0.0,results
Matbench-Gap,Curriculum,49,match,-1.0,169.0,0.01,0.01,0.01,results
Matbench-Gap,Curriculum,50,match,-1.0,169.0,0.1,0.1,0.1,results
Matbench-Gap,Curriculum,51,match,-1.0,169.0,0.1,0.1,0.0,results
Matbench-Gap,Curriculum,52,match,-1.0,169.0,0.1,0.1,0.1,results
Matbench-Gap,Curriculum,53,match,-1.0,169.0,0.01,0.01,0.01,results
Matbench-Gap,Curriculum,54,match,-1.0,169.0,0.01,0.01,0.01,results
Matbench-Gap,Curriculum,55,match,-1.0,169.0,0.1500000000000001,0.1500000000000001,0.1500000000000001,results
Matbench-Gap,Curriculum,56,match,-1.0,169.0,0.2999999999999998,0.2999999999999998,0.2999999999999998,results
Matbench-Gap,Curriculum,57,match,-1.0,169.0,0.1,0.1,0.1,results
Matbench-Gap,Curriculum,58,match,-1.0,169.0,0.0,0.0,0.0,results
Matbench-Gap,Curriculum,59,match,-1.0,169.0,0.2999999999999998,0.2999999999999998,0.2999999999999998,results
Matbench-Gap,Curriculum,60,match,-1.0,169.0,0.1,0.1,0.1,results
Matbench-Gap,Curriculum,61,match,-1.0,169.0,0.2999999999999998,0.2999999999999998,0.1,results
Matbench-Gap,DKL,42,no_ref,,,,,,
Matbench-Gap,DKL,43,no_ref,,,,,,
Matbench-Gap,DKL,44,no_ref,,,,,,
Matbench-Gap,DKL,45,no_ref,,,,,,
Matbench-Gap,DKL,46,no_ref,,,,,,
Matbench-Gap,DKL,47,no_ref,,,,,,
Matbench-Gap,DKL,48,no_ref,,,,,,
Matbench-Gap,DKL,49,no_ref,,,,,,
Matbench-Gap,DKL,50,no_ref,,,,,,
Matbench-Gap,DKL,51,no_ref,,,,,,
Matbench-Gap,DKL,52,no_ref,,,,,,
Matbench-Gap,DKL,53,no_ref,,,,,,
Matbench-Gap,DKL,54,no_ref,,,,,,
Matbench-Gap,DKL,55,no_ref,,,,,,
Matbench-Gap,DKL,56,no_ref,,,,,,
Matbench-Gap,DKL,57,no_ref,,,,,,
Matbench-Gap,DKL,58,no_ref,,,,,,
Matbench-Gap,DKL,59,no_ref,,,,,,
Matbench-Gap,DKL,60,no_ref,,,,,,
Matbench-Gap,DKL,61,no_ref,,,,,,
Matbench-Gap,DNGOGradient,42,match,-1.0,169.0,0.48,0.48,0.05,results
Matbench-Gap,DNGOGradient,43,match,-1.0,169.0,0.1,0.1,0.0,results
Matbench-Gap,DNGOGradient,44,match,-1.0,169.0,0.01,0.01,0.01,results
Matbench-Gap,DNGOGradient,45,match,-1.0,169.0,0.7600000000000002,0.7600000000000002,0.3299999999999998,results
Matbench-Gap,DNGOGradient,46,match,-1.0,169.0,0.3999999999999999,0.3999999999999999,0.1999999999999999,results
Matbench-Gap,DNGOGradient,47,match,-1.0,169.0,0.01,0.01,0.01,results
Matbench-Gap,DNGOGradient,48,match,-1.0,169.0,0.02,0.02,0.01,results
Matbench-Gap,DNGOGradient,49,match,-1.0,169.0,0.54,0.54,0.3800000000000001,results
Matbench-Gap,DNGOGradient,50,match,-1.0,169.0,0.1,0.1,0.0,results
Matbench-Gap,DNGOGradient,51,match,-1.0,169.0,0.1,0.1,0.0,results
Matbench-Gap,DNGOGradient,52,match,-1.0,169.0,0.01,0.01,0.0,results
Matbench-Gap,DNGOGradient,53,match,-1.0,169.0,0.0,0.0,0.0,results
Matbench-Gap,DNGOGradient,54,match,-1.0,169.0,0.1,0.1,0.1,results
Matbench-Gap,DNGOGradient,55,match,-1.0,169.0,0.1,0.1,0.1,results
Matbench-Gap,DNGOGradient,56,match,-1.0,169.0,0.2199999999999999,0.2199999999999999,0.2199999999999999,results
Matbench-Gap,DNGOGradient,57,match,-1.0,169.0,0.1,0.1,0.0,results
Matbench-Gap,DNGOGradient,58,match,-1.0,169.0,0.1,0.1,0.1,results
Matbench-Gap,DNGOGradient,59,match,-1.0,169.0,0.3800000000000001,0.3800000000000001,0.07,results
Matbench-Gap,DNGOGradient,60,match,-1.0,169.0,0.1,0.1,0.01,results
Matbench-Gap,DNGOGradient,61,match,-1.0,169.0,0.6000000000000001,0.6000000000000001,0.52,results
Matbench-Gap,DNGOJoint,42,match,-1.0,169.0,0.1899999999999999,0.1899999999999999,0.01,results
Matbench-Gap,DNGOJoint,43,match,-1.0,169.0,0.1,0.1,0.1,results
Matbench-Gap,DNGOJoint,44,match,-1.0,169.0,0.1500000000000001,0.1500000000000001,0.1500000000000001,results
Matbench-Gap,DNGOJoint,45,match,-1.0,169.0,0.1899999999999999,0.1899999999999999,0.02,results
Matbench-Gap,DNGOJoint,46,match,-1.0,169.0,0.0,0.0,0.0,results
Matbench-Gap,DNGOJoint,47,match,-1.0,169.0,0.01,0.01,0.01,results
Matbench-Gap,DNGOJoint,48,match,-1.0,169.0,0.24,0.24,0.1399999999999999,results
Matbench-Gap,DNGOJoint,49,match,-1.0,169.0,0.53,0.53,0.52,results
Matbench-Gap,DNGOJoint,50,match,-1.0,169.0,0.0,0.0,0.0,results
Matbench-Gap,DNGOJoint,51,match,-1.0,169.0,0.1,0.1,0.01,results
Matbench-Gap,DNGOJoint,52,match,-1.0,169.0,0.0,0.0,0.0,results
Matbench-Gap,DNGOJoint,53,match,-1.0,169.0,0.1,0.1,0.1,results
Matbench-Gap,DNGOJoint,54,match,-1.0,169.0,0.03,0.03,0.03,results
Matbench-Gap,DNGOJoint,55,match,-1.0,169.0,0.0,0.0,0.0,results
Matbench-Gap,DNGOJoint,56,match,-1.0,169.0,0.24,0.24,0.1899999999999999,results
Matbench-Gap,DNGOJoint,57,match,-1.0,169.0,0.01,0.01,0.01,results
Matbench-Gap,DNGOJoint,58,match,-1.0,169.0,0.0999999999999998,0.0999999999999998,0.0,results
Matbench-Gap,DNGOJoint,59,match,-1.0,169.0,0.3800000000000001,0.3800000000000001,0.05,results
Matbench-Gap,DNGOJoint,60,match,-1.0,169.0,0.0,0.0,0.0,results
Matbench-Gap,DNGOJoint,61,match,-1.0,169.0,0.1,0.1,0.1,results
Matbench-Gap,DomainAdaptationMMD,42,match,-1.0,169.0,0.1899999999999999,0.1899999999999999,0.01,results
Matbench-Gap,DomainAdaptationMMD,43,match,-1.0,169.0,0.0,0.0,0.0,results
Matbench-Gap,DomainAdaptationMMD,44,match,-1.0,169.0,0.2999999999999998,0.2999999999999998,0.2999999999999998,results
Matbench-Gap,DomainAdaptationMMD,45,match,-1.0,169.0,0.25,0.25,0.02,results
Matbench-Gap,DomainAdaptationMMD,46,match,-1.0,169.0,0.1,0.1,0.1,results
Matbench-Gap,DomainAdaptationMMD,47,match,-1.0,169.0,0.01,0.01,0.01,results
Matbench-Gap,DomainAdaptationMMD,48,match,-1.0,169.0,0.24,0.24,0.1,results
Matbench-Gap,DomainAdaptationMMD,49,match,-1.0,169.0,0.6600000000000001,0.6600000000000001,0.02,results
Matbench-Gap,DomainAdaptationMMD,50,match,-1.0,169.0,0.1,0.1,0.1,results
Matbench-Gap,DomainAdaptationMMD,51,match,-1.0,169.0,0.1,0.1,0.1,results
Matbench-Gap,DomainAdaptationMMD,52,match,-1.0,169.0,0.1,0.1,0.1,results
Matbench-Gap,DomainAdaptationMMD,53,match,-1.0,169.0,0.1,0.1,0.1,results
Matbench-Gap,DomainAdaptationMMD,54,match,-1.0,169.0,0.01,0.01,0.01,results
Matbench-Gap,DomainAdaptationMMD,55,match,-1.0,169.0,0.02,0.02,0.02,results
Matbench-Gap,DomainAdaptationMMD,56,match,-1.0,169.0,0.24,0.24,0.01,results
Matbench-Gap,DomainAdaptationMMD,57,match,-1.0,169.0,0.1,0.1,0.1,results
Matbench-Gap,DomainAdaptationMMD,58,match,-1.0,169.0,0.1,0.1,0.01,results
Matbench-Gap,DomainAdaptationMMD,59,match,-1.0,169.0,0.3999999999999999,0.3999999999999999,0.01,results
Matbench-Gap,DomainAdaptationMMD,60,match,-1.0,169.0,0.1,0.1,0.01,results
Matbench-Gap,DomainAdaptationMMD,61,match,-1.0,169.0,0.1,0.1,0.02,results
Matbench-Gap,KnowledgeDistillation,42,match,-1.0,169.0,0.01,0.01,0.01,results
Matbench-Gap,KnowledgeDistillation,43,match,-1.0,169.0,0.1,0.1,0.1,results
Matbench-Gap,KnowledgeDistillation,44,match,-1.0,169.0,0.1,0.1,0.0,results
Matbench-Gap,KnowledgeDistillation,45,match,-1.0,169.0,0.3999999999999999,0.3999999999999999,0.1700000000000001,results
Matbench-Gap,KnowledgeDistillation,46,match,-1.0,169.0,0.4300000000000001,0.4300000000000001,0.01,results
Matbench-Gap,KnowledgeDistillation,47,match,-1.0,169.0,0.1,0.1,0.1,results
Matbench-Gap,KnowledgeDistillation,48,match,-1.0,169.0,0.2000000000000001,0.2000000000000001,0.0,results
Matbench-Gap,KnowledgeDistillation,49,match,-1.0,169.0,0.01,0.01,0.01,results
Matbench-Gap,KnowledgeDistillation,50,match,-1.0,169.0,0.1,0.1,0.1,results
Matbench-Gap,KnowledgeDistillation,51,match,-1.0,169.0,0.1,0.1,0.0,results
Matbench-Gap,KnowledgeDistillation,52,match,-1.0,169.0,0.1,0.1,0.1,results
Matbench-Gap,KnowledgeDistillation,53,match,-1.0,169.0,0.01,0.01,0.01,results
Matbench-Gap,KnowledgeDistillation,54,match,-1.0,169.0,0.01,0.01,0.01,results
Matbench-Gap,KnowledgeDistillation,55,match,-1.0,169.0,0.1500000000000001,0.1500000000000001,0.1500000000000001,results
Matbench-Gap,KnowledgeDistillation,56,match,-1.0,169.0,0.2999999999999998,0.2999999999999998,0.2999999999999998,results
Matbench-Gap,KnowledgeDistillation,57,match,-1.0,169.0,0.1,0.1,0.1,results
Matbench-Gap,KnowledgeDistillation,58,match,-1.0,169.0,0.0,0.0,0.0,results
Matbench-Gap,KnowledgeDistillation,59,match,-1.0,169.0,0.2999999999999998,0.2999999999999998,0.2999999999999998,results
Matbench-Gap,KnowledgeDistillation,60,match,-1.0,169.0,0.1,0.1,0.1,results
Matbench-Gap,KnowledgeDistillation,61,match,-1.0,169.0,0.2999999999999998,0.2999999999999998,0.1,results
Matbench-Gap,MFGP,42,match,-1.0,169.0,0.2999999999999998,0.2999999999999998,0.1,results
Matbench-Gap,MFGP,43,match,-1.0,169.0,0.1500000000000001,0.1500000000000001,0.0499999999999998,results
Matbench-Gap,MFGP,44,match,-1.0,169.0,0.1,0.1,0.0899999999999998,results
Matbench-Gap,MFGP,45,match,-1.0,169.0,0.02,0.02,0.02,results
Matbench-Gap,MFGP,46,match,-1.0,169.0,0.0899999999999998,0.0899999999999998,0.0499999999999998,results
Matbench-Gap,MFGP,47,match,-1.0,169.0,0.0999999999999998,0.0999999999999998,0.0,results
Matbench-Gap,MFGP,48,match,-1.0,169.0,0.1600000000000001,0.1600000000000001,0.1600000000000001,results
Matbench-Gap,MFGP,49,match,-1.0,169.0,0.1500000000000001,0.1500000000000001,0.0499999999999998,results
Matbench-Gap,MFGP,50,match,-1.0,169.0,0.2999999999999998,0.2999999999999998,0.06,results
Matbench-Gap,MFGP,51,match,-1.0,169.0,0.2999999999999998,0.2999999999999998,0.2999999999999998,results
Matbench-Gap,MFGP,52,match,-1.0,169.0,0.27,0.27,0.0499999999999998,results
Matbench-Gap,MFGP,53,match,-1.0,169.0,0.0,0.0,0.0,results
Matbench-Gap,MFGP,54,match,-1.0,169.0,0.0499999999999998,0.0499999999999998,0.0499999999999998,results
Matbench-Gap,MFGP,55,match,-1.0,169.0,0.02,0.02,0.02,results
Matbench-Gap,MFGP,56,match,-1.0,169.0,0.2000000000000001,0.2000000000000001,0.2000000000000001,results
Matbench-Gap,MFGP,57,match,-1.0,169.0,0.0999999999999998,0.0999999999999998,0.0,results
Matbench-Gap,MFGP,58,match,-1.0,169.0,0.07,0.07,0.0499999999999998,results
Matbench-Gap,MFGP,59,match,-1.0,169.0,0.2299999999999999,0.2299999999999999,0.0499999999999998,results
Matbench-Gap,MFGP,60,match,-1.0,169.0,0.0899999999999998,0.0899999999999998,0.0499999999999998,results
Matbench-Gap,MFGP,61,match,-1.0,169.0,0.1300000000000001,0.1300000000000001,0.0499999999999998,results
Matbench-Gap,NARGP,42,match,-1.0,169.0,1.4,1.4,0.0,results
Matbench-Gap,NARGP,43,match,-1.0,169.0,0.1500000000000001,0.1500000000000001,0.0999999999999998,results
Matbench-Gap,NARGP,44,no_ref,,,,,,
Matbench-Gap,NARGP,45,no_ref,,,,,,
Matbench-Gap,NARGP,46,no_ref,,,,,,
Matbench-Gap,NARGP,47,match,-1.0,169.0,0.0299999999999998,0.0299999999999998,0.02,results
Matbench-Gap,NARGP,48,match,-1.0,169.0,1.4,1.4,1.4,results
Matbench-Gap,NARGP,49,no_ref,,,,,,
Matbench-Gap,NARGP,50,no_ref,,,,,,
Matbench-Gap,NARGP,51,no_ref,,,,,,
Matbench-Gap,NARGP,52,match,-1.0,169.0,1.0,1.0,1.0,results
Matbench-Gap,NARGP,53,match,-1.0,169.0,1.4,1.4,0.25,results
Matbench-Gap,NARGP,54,match,-1.0,169.0,0.25,0.25,0.05,results
Matbench-Gap,NARGP,55,no_ref,,,,,,
Matbench-Gap,NARGP,56,no_ref,,,,,,
Matbench-Gap,NARGP,57,match,-1.0,169.0,1.4,1.4,0.58,results
Matbench-Gap,NARGP,58,match,-1.0,169.0,0.94,0.94,0.94,results
Matbench-Gap,NARGP,59,no_ref,,,,,,
Matbench-Gap,NARGP,60,no_ref,,,,,,
Matbench-Gap,NARGP,61,no_ref,,,,,,
Matbench-Gap,Progressive,42,match,-1.0,169.0,0.1,0.1,0.1,results
Matbench-Gap,Progressive,43,match,-1.0,169.0,0.0,0.0,0.0,results
Matbench-Gap,Progressive,44,match,-1.0,169.0,0.01,0.01,0.01,results
Matbench-Gap,Progressive,45,match,-1.0,169.0,0.3999999999999999,0.3999999999999999,0.2000000000000001,results
Matbench-Gap,Progressive,46,match,-1.0,169.0,0.1,0.1,0.1,results
Matbench-Gap,Progressive,47,match,-1.0,169.0,0.1,0.1,0.1,results
Matbench-Gap,Progressive,48,match,-1.0,169.0,0.02,0.02,0.02,results
Matbench-Gap,Progressive,49,match,-1.0,169.0,0.02,0.02,0.01,results
Matbench-Gap,Progressive,50,match,-1.0,169.0,0.0,0.0,0.0,results
Matbench-Gap,Progressive,51,match,-1.0,169.0,0.01,0.01,0.01,results
Matbench-Gap,Progressive,52,match,-1.0,169.0,0.02,0.02,0.02,results
Matbench-Gap,Progressive,53,match,-1.0,169.0,0.02,0.02,0.02,results
Matbench-Gap,Progressive,54,match,-1.0,169.0,0.01,0.01,0.01,results
Matbench-Gap,Progressive,55,match,-1.0,169.0,0.1,0.1,0.0,results
Matbench-Gap,Progressive,56,match,-1.0,169.0,0.4000000000000001,0.4000000000000001,0.01,results
Matbench-Gap,Progressive,57,match,-1.0,169.0,0.1,0.1,0.1,results
Matbench-Gap,Progressive,58,match,-1.0,169.0,0.7600000000000002,0.7600000000000002,0.1,results
Matbench-Gap,Progressive,59,match,-1.0,169.0,0.4699999999999998,0.4699999999999998,0.2000000000000001,results
Matbench-Gap,Progressive,60,match,-1.0,169.0,0.1,0.1,0.1,results
Matbench-Gap,Progressive,61,match,-1.0,169.0,0.02,0.02,0.02,results
Matbench-Gap,PseudoLabeling,42,match,-1.0,169.0,0.01,0.01,0.01,results
Matbench-Gap,PseudoLabeling,43,match,-1.0,169.0,0.1,0.1,0.1,results
Matbench-Gap,PseudoLabeling,44,match,-1.0,169.0,0.1,0.1,0.0,results
Matbench-Gap,PseudoLabeling,45,match,-1.0,169.0,0.3999999999999999,0.3999999999999999,0.1700000000000001,results
Matbench-Gap,PseudoLabeling,46,match,-1.0,169.0,0.4300000000000001,0.4300000000000001,0.01,results
Matbench-Gap,PseudoLabeling,47,match,-1.0,169.0,0.1,0.1,0.1,results
Matbench-Gap,PseudoLabeling,48,match,-1.0,169.0,0.2000000000000001,0.2000000000000001,0.0,results
Matbench-Gap,PseudoLabeling,49,match,-1.0,169.0,0.01,0.01,0.01,results
Matbench-Gap,PseudoLabeling,50,match,-1.0,169.0,0.1,0.1,0.1,results
Matbench-Gap,PseudoLabeling,51,match,-1.0,169.0,0.1,0.1,0.0,results
Matbench-Gap,PseudoLabeling,52,match,-1.0,169.0,0.1,0.1,0.1,results
Matbench-Gap,PseudoLabeling,53,match,-1.0,169.0,0.01,0.01,0.01,results
Matbench-Gap,PseudoLabeling,54,match,-1.0,169.0,0.01,0.01,0.01,results
Matbench-Gap,PseudoLabeling,55,match,-1.0,169.0,0.1500000000000001,0.1500000000000001,0.1500000000000001,results
Matbench-Gap,PseudoLabeling,56,match,-1.0,169.0,0.2999999999999998,0.2999999999999998,0.2999999999999998,results
Matbench-Gap,PseudoLabeling,57,match,-1.0,169.0,0.1,0.1,0.1,results
Matbench-Gap,PseudoLabeling,58,match,-1.0,169.0,0.0,0.0,0.0,results
Matbench-Gap,PseudoLabeling,59,match,-1.0,169.0,0.2999999999999998,0.2999999999999998,0.2999999999999998,results
Matbench-Gap,PseudoLabeling,60,match,-1.0,169.0,0.1,0.1,0.1,results
Matbench-Gap,PseudoLabeling,61,match,-1.0,169.0,0.2999999999999998,0.2999999999999998,0.1,results
Matbench-Gap,Sequential,42,match,-1.0,169.0,0.01,0.01,0.01,results
Matbench-Gap,Sequential,43,match,-1.0,169.0,0.1,0.1,0.02,results
Matbench-Gap,Sequential,44,match,-1.0,169.0,0.1500000000000001,0.1500000000000001,0.1500000000000001,results
Matbench-Gap,Sequential,45,match,-1.0,169.0,0.3999999999999999,0.3999999999999999,0.1399999999999999,results
Matbench-Gap,Sequential,46,match,-1.0,169.0,0.0,0.0,0.0,results
Matbench-Gap,Sequential,47,match,-1.0,169.0,0.1,0.1,0.1,results
Matbench-Gap,Sequential,48,match,-1.0,169.0,0.2000000000000001,0.2000000000000001,0.02,results
Matbench-Gap,Sequential,49,match,-1.0,169.0,0.01,0.01,0.01,results
Matbench-Gap,Sequential,50,match,-1.0,169.0,0.1,0.1,0.1,results
Matbench-Gap,Sequential,51,match,-1.0,169.0,0.1,0.1,0.0,results
Matbench-Gap,Sequential,52,match,-1.0,169.0,0.1,0.1,0.0,results
Matbench-Gap,Sequential,53,match,-1.0,169.0,0.01,0.01,0.01,results
Matbench-Gap,Sequential,54,match,-1.0,169.0,0.01,0.01,0.01,results
Matbench-Gap,Sequential,55,match,-1.0,169.0,0.1500000000000001,0.1500000000000001,0.1500000000000001,results
Matbench-Gap,Sequential,56,match,-1.0,169.0,0.52,0.52,0.24,results
Matbench-Gap,Sequential,57,match,-1.0,169.0,0.07,0.07,0.07,results
Matbench-Gap,Sequential,58,match,-1.0,169.0,0.0,0.0,0.0,results
Matbench-Gap,Sequential,59,match,-1.0,169.0,0.2999999999999998,0.2999999999999998,0.2999999999999998,results
Matbench-Gap,Sequential,60,match,-1.0,169.0,0.1,0.1,0.1,results
Matbench-Gap,Sequential,61,match,-1.0,169.0,0.1500000000000001,0.1500000000000001,0.1500000000000001,results
Matbench-Gap,SoftParameterSharing,42,match,-1.0,169.0,0.01,0.01,0.01,results
Matbench-Gap,SoftParameterSharing,43,match,-1.0,169.0,0.1,0.1,0.02,results
Matbench-Gap,SoftParameterSharing,44,match,-1.0,169.0,0.01,0.01,0.01,results
Matbench-Gap,SoftParameterSharing,45,match,-1.0,169.0,0.2000000000000001,0.2000000000000001,0.2000000000000001,results
Matbench-Gap,SoftParameterSharing,46,match,-1.0,169.0,0.1,0.1,0.0,results
Matbench-Gap,SoftParameterSharing,47,match,-1.0,169.0,0.01,0.01,0.0,results
Matbench-Gap,SoftParameterSharing,48,match,-1.0,169.0,0.2000000000000001,0.2000000000000001,0.02,results
Matbench-Gap,SoftParameterSharing,49,match,-1.0,169.0,0.2000000000000001,0.2000000000000001,0.0399999999999998,results
Matbench-Gap,SoftParameterSharing,50,match,-1.0,169.0,0.0,0.0,0.0,results
Matbench-Gap,SoftParameterSharing,51,match,-1.0,169.0,0.01,0.01,0.01,results
Matbench-Gap,SoftParameterSharing,52,match,-1.0,169.0,0.32,0.32,0.08,results
Matbench-Gap,SoftParameterSharing,53,match,-1.0,169.0,0.2000000000000001,0.2000000000000001,0.02,results
Matbench-Gap,SoftParameterSharing,54,match,-1.0,169.0,0.01,0.01,0.01,results
Matbench-Gap,SoftParameterSharing,55,match,-1.0,169.0,0.0,0.0,0.0,results
Matbench-Gap,SoftParameterSharing,56,match,-1.0,169.0,0.2000000000000001,0.2000000000000001,0.2000000000000001,results
Matbench-Gap,SoftParameterSharing,57,match,-1.0,169.0,0.1,0.1,0.02,results
Matbench-Gap,SoftParameterSharing,58,match,-1.0,169.0,0.1,0.1,0.0,results
Matbench-Gap,SoftParameterSharing,59,match,-1.0,169.0,0.03,0.03,0.03,results
Matbench-Gap,SoftParameterSharing,60,match,-1.0,169.0,0.01,0.01,0.01,results
Matbench-Gap,SoftParameterSharing,61,match,-1.0,169.0,0.2000000000000001,0.2000000000000001,0.02,results
Matbench-Gap,SparseMFGP,42,MISMATCH,21.0,169.0,0.0499999999999998,0.4000000000000001,0.02,results
Matbench-Gap,SparseMFGP,43,match,-1.0,169.0,0.1500000000000001,0.1500000000000001,0.1500000000000001,results
Matbench-Gap,SparseMFGP,44,MISMATCH,21.0,169.0,0.0,0.2999999999999998,0.02,results
Matbench-Gap,SparseMFGP,45,MISMATCH,21.0,169.0,0.02,0.07,0.01,results
Matbench-Gap,SparseMFGP,46,MISMATCH,63.0,169.0,0.08,0.52,0.31,results
Matbench-Gap,SparseMFGP,47,MISMATCH,42.0,169.0,0.55,0.02,0.02,results
Matbench-Gap,SparseMFGP,48,MISMATCH,147.0,169.0,0.1600000000000001,0.2000000000000001,0.02,results
Matbench-Gap,SparseMFGP,49,match,-1.0,169.0,0.48,0.48,0.02,results
Matbench-Gap,SparseMFGP,50,match,-1.0,169.0,0.1,0.1,0.0,results
Matbench-Gap,SparseMFGP,51,match,-1.0,169.0,0.02,0.02,0.02,results
Matbench-Gap,SparseMFGP,52,match,-1.0,169.0,0.2000000000000001,0.1999999999999999,0.1999999999999999,results
Matbench-Gap,SparseMFGP,53,match,-1.0,169.0,1.4,1.4,0.02,results
Matbench-Gap,SparseMFGP,54,match,-1.0,169.0,0.0,0.0,0.0,results
Matbench-Gap,SparseMFGP,55,MISMATCH,21.0,169.0,0.4000000000000001,0.1899999999999999,0.02,results
Matbench-Gap,SparseMFGP,56,MISMATCH,126.0,169.0,0.07,0.07,0.02,results
Matbench-Gap,SparseMFGP,57,MISMATCH,84.0,169.0,0.1,0.02,0.02,results
Matbench-Gap,SparseMFGP,58,match,-1.0,169.0,0.1399999999999999,0.1399999999999999,0.01,results
Matbench-Gap,SparseMFGP,59,MISMATCH,63.0,169.0,0.2200000000000002,0.52,0.02,results
Matbench-Gap,SparseMFGP,60,MISMATCH,105.0,169.0,0.02,0.02,0.02,results
Matbench-Gap,SparseMFGP,61,MISMATCH,147.0,169.0,0.5399999999999999,0.1,0.07,results
Matbench-Gap,TwoStageJoint,42,match,-1.0,169.0,0.1199999999999998,0.1199999999999998,0.02,results
Matbench-Gap,TwoStageJoint,43,match,-1.0,169.0,0.1500000000000001,0.1500000000000001,0.1,results
Matbench-Gap,TwoStageJoint,44,match,-1.0,169.0,0.0399999999999998,0.0399999999999998,0.01,results
Matbench-Gap,TwoStageJoint,45,match,-1.0,169.0,0.4000000000000001,0.4000000000000001,0.2000000000000001,results
Matbench-Gap,TwoStageJoint,46,match,-1.0,169.0,0.0,0.0,0.0,results
Matbench-Gap,TwoStageJoint,47,match,-1.0,169.0,0.01,0.01,0.01,results
Matbench-Gap,TwoStageJoint,48,match,-1.0,169.0,0.1,0.1,0.1,results
Matbench-Gap,TwoStageJoint,49,match,-1.0,169.0,0.1,0.1,0.02,results
Matbench-Gap,TwoStageJoint,50,match,-1.0,169.0,0.1,0.1,0.0,results
Matbench-Gap,TwoStageJoint,51,match,-1.0,169.0,0.49,0.49,0.0,results
Matbench-Gap,TwoStageJoint,52,match,-1.0,169.0,0.1,0.1,0.0,results
Matbench-Gap,TwoStageJoint,53,match,-1.0,169.0,0.01,0.01,0.01,results
Matbench-Gap,TwoStageJoint,54,match,-1.0,169.0,0.2999999999999998,0.2999999999999998,0.02,results
Matbench-Gap,TwoStageJoint,55,match,-1.0,169.0,0.01,0.01,0.01,results
Matbench-Gap,TwoStageJoint,56,match,-1.0,169.0,0.1,0.1,0.1,results
Matbench-Gap,TwoStageJoint,57,match,-1.0,169.0,0.02,0.02,0.02,results
Matbench-Gap,TwoStageJoint,58,match,-1.0,169.0,0.01,0.01,0.01,results
Matbench-Gap,TwoStageJoint,59,match,-1.0,169.0,0.01,0.01,0.01,results
Matbench-Gap,TwoStageJoint,60,match,-1.0,169.0,0.1,0.1,0.0,results
Matbench-Gap,TwoStageJoint,61,match,-1.0,169.0,0.0399999999999998,0.0399999999999998,0.01,results
Polarizability,Adapter,42,match,-1.0,84.0,0.0,0.0,0.0,results
Polarizability,Adapter,43,match,-1.0,84.0,0.0,0.0,0.0,results
Polarizability,Adapter,44,match,-1.0,84.0,0.0,0.0,0.0,results
Polarizability,Adapter,45,match,-1.0,84.0,0.0,0.0,0.0,results
Polarizability,Adapter,46,match,-1.0,84.0,0.0,0.0,0.0,results
Polarizability,Adapter,47,match,-1.0,84.0,0.0,0.0,0.0,results
Polarizability,Adapter,48,match,-1.0,84.0,0.0,0.0,0.0,results
Polarizability,Adapter,49,match,-1.0,84.0,0.0,0.0,0.0,results
Polarizability,Adapter,50,match,-1.0,84.0,0.0,0.0,0.0,results
Polarizability,Adapter,51,match,-1.0,84.0,0.0,0.0,0.0,results
Polarizability,Adapter,52,match,-1.0,84.0,0.0,0.0,0.0,results
Polarizability,Adapter,53,match,-1.0,84.0,0.0,0.0,0.0,results
Polarizability,Adapter,54,match,-1.0,84.0,0.0,0.0,0.0,results
Polarizability,Adapter,55,match,-1.0,84.0,0.0,0.0,0.0,results
Polarizability,Adapter,56,match,-1.0,84.0,0.0,0.0,0.0,results
Polarizability,Adapter,57,match,-1.0,84.0,0.0,0.0,0.0,results
Polarizability,Adapter,58,match,-1.0,84.0,0.0,0.0,0.0,results
Polarizability,Adapter,59,match,-1.0,84.0,0.0,0.0,0.0,results
Polarizability,Adapter,60,match,-1.0,84.0,0.0,0.0,0.0,results
Polarizability,Adapter,61,match,-1.0,84.0,0.0,0.0,0.0,results
Polarizability,Curriculum,42,match,-1.0,84.0,0.0,0.0,0.0,results
Polarizability,Curriculum,43,match,-1.0,84.0,0.0,0.0,0.0,results
Polarizability,Curriculum,44,match,-1.0,84.0,0.0,0.0,0.0,results
Polarizability,Curriculum,45,match,-1.0,84.0,0.0,0.0,0.0,results
Polarizability,Curriculum,46,match,-1.0,84.0,0.0,0.0,0.0,results
Polarizability,Curriculum,47,match,-1.0,84.0,0.0,0.0,0.0,results
Polarizability,Curriculum,48,match,-1.0,84.0,0.0,0.0,0.0,results
Polarizability,Curriculum,49,match,-1.0,84.0,0.0,0.0,0.0,results
Polarizability,Curriculum,50,match,-1.0,84.0,0.0,0.0,0.0,results
Polarizability,Curriculum,51,match,-1.0,84.0,0.0,0.0,0.0,results
Polarizability,Curriculum,52,match,-1.0,84.0,0.0,0.0,0.0,results
Polarizability,Curriculum,53,match,-1.0,84.0,0.0,0.0,0.0,results
Polarizability,Curriculum,54,match,-1.0,84.0,0.0,0.0,0.0,results
Polarizability,Curriculum,55,match,-1.0,84.0,0.0,0.0,0.0,results
Polarizability,Curriculum,56,match,-1.0,84.0,0.0,0.0,0.0,results
Polarizability,Curriculum,57,match,-1.0,84.0,0.0,0.0,0.0,results
Polarizability,Curriculum,58,match,-1.0,84.0,0.0,0.0,0.0,results
Polarizability,Curriculum,59,match,-1.0,84.0,0.0,0.0,0.0,results
Polarizability,Curriculum,60,match,-1.0,84.0,0.0,0.0,0.0,results
Polarizability,Curriculum,61,match,-1.0,84.0,0.0,0.0,0.0,results
Polarizability,DNGOGradient,42,match,-1.0,84.0,0.0,0.0,0.0,results
Polarizability,DNGOGradient,43,match,-1.0,84.0,0.0,0.0,0.0,results
Polarizability,DNGOGradient,44,match,-1.0,84.0,0.0,0.0,0.0,results
Polarizability,DNGOGradient,45,match,-1.0,84.0,0.0,0.0,0.0,results
Polarizability,DNGOGradient,46,match,-1.0,84.0,0.0,0.0,0.0,results
Polarizability,DNGOGradient,47,match,-1.0,84.0,0.0,0.0,0.0,results
Polarizability,DNGOGradient,48,match,-1.0,84.0,0.0,0.0,0.0,results
Polarizability,DNGOGradient,49,match,-1.0,84.0,0.0,0.0,0.0,results
Polarizability,DNGOGradient,50,match,-1.0,84.0,0.0,0.0,0.0,results
Polarizability,DNGOGradient,51,match,-1.0,84.0,0.0,0.0,0.0,results
Polarizability,DNGOGradient,52,match,-1.0,84.0,0.0,0.0,0.0,results
Polarizability,DNGOGradient,53,match,-1.0,84.0,0.0,0.0,0.0,results
Polarizability,DNGOGradient,54,match,-1.0,84.0,0.0,0.0,0.0,results
Polarizability,DNGOGradient,55,match,-1.0,84.0,0.0,0.0,0.0,results
Polarizability,DNGOGradient,56,match,-1.0,84.0,0.0,0.0,0.0,results
Polarizability,DNGOGradient,57,match,-1.0,84.0,0.0,0.0,0.0,results
Polarizability,DNGOGradient,58,match,-1.0,84.0,0.0,0.0,0.0,results
Polarizability,DNGOGradient,59,match,-1.0,84.0,0.0,0.0,0.0,results
Polarizability,DNGOGradient,60,match,-1.0,84.0,0.0,0.0,0.0,results
Polarizability,DNGOGradient,61,match,-1.0,84.0,0.0,0.0,0.0,results
Polarizability,DNGOJoint,42,match,-1.0,84.0,0.0,0.0,0.0,results
Polarizability,DNGOJoint,43,match,-1.0,84.0,0.0,0.0,0.0,results
Polarizability,DNGOJoint,44,match,-1.0,84.0,0.0,0.0,0.0,results
Polarizability,DNGOJoint,45,match,-1.0,84.0,0.0,0.0,0.0,results
Polarizability,DNGOJoint,46,match,-1.0,84.0,0.0,0.0,0.0,results
Polarizability,DNGOJoint,47,match,-1.0,84.0,0.0,0.0,0.0,results
Polarizability,DNGOJoint,48,match,-1.0,84.0,0.0,0.0,0.0,results
Polarizability,DNGOJoint,49,match,-1.0,84.0,0.0,0.0,0.0,results
Polarizability,DNGOJoint,50,match,-1.0,84.0,0.0,0.0,0.0,results
Polarizability,DNGOJoint,51,match,-1.0,84.0,0.0,0.0,0.0,results
Polarizability,DNGOJoint,52,match,-1.0,84.0,0.0,0.0,0.0,results
Polarizability,DNGOJoint,53,match,-1.0,84.0,0.0,0.0,0.0,results
Polarizability,DNGOJoint,54,match,-1.0,84.0,0.0,0.0,0.0,results
Polarizability,DNGOJoint,55,match,-1.0,84.0,0.0,0.0,0.0,results
Polarizability,DNGOJoint,56,match,-1.0,84.0,0.0,0.0,0.0,results
Polarizability,DNGOJoint,57,match,-1.0,84.0,0.0,0.0,0.0,results
Polarizability,DNGOJoint,58,match,-1.0,84.0,0.0,0.0,0.0,results
Polarizability,DNGOJoint,59,match,-1.0,84.0,0.0,0.0,0.0,results
Polarizability,DNGOJoint,60,match,-1.0,84.0,0.0,0.0,0.0,results
Polarizability,DNGOJoint,61,match,-1.0,84.0,0.0,0.0,0.0,results
Polarizability,DomainAdaptationMMD,42,match,-1.0,84.0,0.0,0.0,0.0,results
Polarizability,DomainAdaptationMMD,43,match,-1.0,84.0,0.0,0.0,0.0,results
Polarizability,DomainAdaptationMMD,44,match,-1.0,84.0,0.0,0.0,0.0,results
Polarizability,DomainAdaptationMMD,45,match,-1.0,84.0,0.0,0.0,0.0,results
Polarizability,DomainAdaptationMMD,46,match,-1.0,84.0,0.0,0.0,0.0,results
Polarizability,DomainAdaptationMMD,47,match,-1.0,84.0,0.0,0.0,0.0,results
Polarizability,DomainAdaptationMMD,48,match,-1.0,84.0,0.0,0.0,0.0,results
Polarizability,DomainAdaptationMMD,49,match,-1.0,84.0,0.0,0.0,0.0,results
Polarizability,DomainAdaptationMMD,50,match,-1.0,84.0,0.0,0.0,0.0,results
Polarizability,DomainAdaptationMMD,51,match,-1.0,84.0,0.0,0.0,0.0,results
Polarizability,DomainAdaptationMMD,52,match,-1.0,84.0,0.0,0.0,0.0,results
Polarizability,DomainAdaptationMMD,53,match,-1.0,84.0,0.0,0.0,0.0,results
Polarizability,DomainAdaptationMMD,54,match,-1.0,84.0,0.0,0.0,0.0,results
Polarizability,DomainAdaptationMMD,55,match,-1.0,84.0,0.0,0.0,0.0,results
Polarizability,DomainAdaptationMMD,56,match,-1.0,84.0,0.0,0.0,0.0,results
Polarizability,DomainAdaptationMMD,57,match,-1.0,84.0,0.0,0.0,0.0,results
Polarizability,DomainAdaptationMMD,58,match,-1.0,84.0,0.0,0.0,0.0,results
Polarizability,DomainAdaptationMMD,59,match,-1.0,84.0,0.0,0.0,0.0,results
Polarizability,DomainAdaptationMMD,60,match,-1.0,84.0,0.0,0.0,0.0,results
Polarizability,DomainAdaptationMMD,61,match,-1.0,84.0,0.0,0.0,0.0,results
Polarizability,KnowledgeDistillation,42,match,-1.0,84.0,0.0,0.0,0.0,results
Polarizability,KnowledgeDistillation,43,match,-1.0,84.0,0.0,0.0,0.0,results
Polarizability,KnowledgeDistillation,44,match,-1.0,84.0,0.0,0.0,0.0,results
Polarizability,KnowledgeDistillation,45,match,-1.0,84.0,0.0,0.0,0.0,results
Polarizability,KnowledgeDistillation,46,match,-1.0,84.0,0.0,0.0,0.0,results
Polarizability,KnowledgeDistillation,47,match,-1.0,84.0,0.0,0.0,0.0,results
Polarizability,KnowledgeDistillation,48,match,-1.0,84.0,0.0,0.0,0.0,results
Polarizability,KnowledgeDistillation,49,match,-1.0,84.0,0.0,0.0,0.0,results
Polarizability,KnowledgeDistillation,50,match,-1.0,84.0,0.0,0.0,0.0,results
Polarizability,KnowledgeDistillation,51,match,-1.0,84.0,0.0,0.0,0.0,results
Polarizability,KnowledgeDistillation,52,match,-1.0,84.0,0.0,0.0,0.0,results
Polarizability,KnowledgeDistillation,53,match,-1.0,84.0,0.0,0.0,0.0,results
Polarizability,KnowledgeDistillation,54,match,-1.0,84.0,0.0,0.0,0.0,results
Polarizability,KnowledgeDistillation,55,match,-1.0,84.0,0.0,0.0,0.0,results
Polarizability,KnowledgeDistillation,56,match,-1.0,84.0,0.0,0.0,0.0,results
Polarizability,KnowledgeDistillation,57,match,-1.0,84.0,0.0,0.0,0.0,results
Polarizability,KnowledgeDistillation,58,match,-1.0,84.0,0.0,0.0,0.0,results
Polarizability,KnowledgeDistillation,59,match,-1.0,84.0,0.0,0.0,0.0,results
Polarizability,KnowledgeDistillation,60,match,-1.0,84.0,0.0,0.0,0.0,results
Polarizability,KnowledgeDistillation,61,match,-1.0,84.0,0.0,0.0,0.0,results
Polarizability,MFGP,42,match,-1.0,84.0,0.0,0.0,0.0,results
Polarizability,MFGP,43,match,-1.0,84.0,0.0,0.0,0.0,results
Polarizability,MFGP,44,match,-1.0,84.0,0.0891943734015343,0.0891943734015343,0.0,results
Polarizability,MFGP,45,match,-1.0,84.0,0.0,0.0,0.0,results
Polarizability,MFGP,46,match,-1.0,84.0,0.0,0.0,0.0,results
Polarizability,MFGP,47,match,-1.0,84.0,0.0,0.0,0.0,results
Polarizability,MFGP,48,match,-1.0,84.0,0.0,0.0,0.0,results
Polarizability,MFGP,49,match,-1.0,84.0,0.0,0.0,0.0,results
Polarizability,MFGP,50,match,-1.0,84.0,0.0,0.0,0.0,results
Polarizability,MFGP,51,match,-1.0,84.0,0.0,0.0,0.0,results
Polarizability,MFGP,52,match,-1.0,84.0,0.0,0.0,0.0,results
Polarizability,MFGP,53,match,-1.0,84.0,0.0,0.0,0.0,results
Polarizability,MFGP,54,match,-1.0,84.0,0.0,0.0,0.0,results
Polarizability,MFGP,55,match,-1.0,84.0,0.0,0.0,0.0,results
Polarizability,MFGP,56,match,-1.0,84.0,0.0,0.0,0.0,results
Polarizability,MFGP,57,match,-1.0,84.0,0.0,0.0,0.0,results
Polarizability,MFGP,58,match,-1.0,84.0,0.0,0.0,0.0,results
Polarizability,MFGP,59,match,-1.0,84.0,0.0,0.0,0.0,results
Polarizability,MFGP,60,match,-1.0,84.0,0.0,0.0,0.0,results
Polarizability,MFGP,61,match,-1.0,84.0,0.0,0.0,0.0,results
Polarizability,NARGP,42,match,-1.0,84.0,0.4044117647058823,0.4044117647058823,0.3797953964194374,results
Polarizability,NARGP,43,match,-1.0,84.0,0.606457800511509,0.606457800511509,0.606457800511509,results
Polarizability,NARGP,44,match,-1.0,84.0,0.4296675191815857,0.4296675191815857,0.1528132992327365,results
Polarizability,NARGP,45,match,-1.0,84.0,0.4635549872122763,0.4635549872122763,0.3097826086956522,results
Polarizability,NARGP,46,match,-1.0,84.0,0.0,0.0,0.0,results
Polarizability,NARGP,47,match,-1.0,84.0,0.4044117647058823,0.4044117647058823,0.0891943734015343,results
Polarizability,NARGP,48,match,-1.0,84.0,0.0,0.0,0.0,results
Polarizability,NARGP,49,MISMATCH,36.0,84.0,0.4382992327365729,0.4382992327365729,0.1528132992327365,results
Polarizability,NARGP,50,match,-1.0,84.0,0.3797953964194374,0.3797953964194374,0.3797953964194374,results
Polarizability,NARGP,51,match,-1.0,84.0,0.0,0.0,0.0,results
Polarizability,NARGP,52,match,-1.0,84.0,0.0,0.0,0.0,results
Polarizability,NARGP,53,match,-1.0,84.0,0.4044117647058823,0.4044117647058823,0.3797953964194374,results
Polarizability,NARGP,54,match,-1.0,84.0,0.0,0.0,0.0,results
Polarizability,NARGP,55,match,-1.0,84.0,0.4635549872122763,0.4635549872122763,0.3097826086956522,results
Polarizability,NARGP,56,match,-1.0,84.0,0.0891943734015343,0.0891943734015343,0.0891943734015343,results
Polarizability,NARGP,57,match,-1.0,84.0,0.4044117647058823,0.4044117647058823,0.3797953964194374,results
Polarizability,NARGP,58,match,-1.0,84.0,0.5597826086956522,0.5597826086956522,0.5597826086956522,results
Polarizability,NARGP,59,match,-1.0,84.0,0.4296675191815857,0.4296675191815857,0.1528132992327365,results
Polarizability,NARGP,60,match,-1.0,84.0,0.0891943734015343,0.0891943734015343,0.0891943734015343,results
Polarizability,NARGP,61,match,-1.0,84.0,0.4296675191815857,0.4296675191815857,0.1528132992327365,results
Polarizability,Progressive,42,match,-1.0,84.0,0.0,0.0,0.0,results
Polarizability,Progressive,43,match,-1.0,84.0,0.0,0.0,0.0,results
Polarizability,Progressive,44,match,-1.0,84.0,0.0,0.0,0.0,results
Polarizability,Progressive,45,match,-1.0,84.0,0.0,0.0,0.0,results
Polarizability,Progressive,46,match,-1.0,84.0,0.0,0.0,0.0,results
Polarizability,Progressive,47,match,-1.0,84.0,0.0,0.0,0.0,results
Polarizability,Progressive,48,match,-1.0,84.0,0.0,0.0,0.0,results
Polarizability,Progressive,49,match,-1.0,84.0,0.0,0.0,0.0,results
Polarizability,Progressive,50,match,-1.0,84.0,0.0,0.0,0.0,results
Polarizability,Progressive,51,match,-1.0,84.0,0.0,0.0,0.0,results
Polarizability,Progressive,52,match,-1.0,84.0,0.0,0.0,0.0,results
Polarizability,Progressive,53,match,-1.0,84.0,0.0,0.0,0.0,results
Polarizability,Progressive,54,match,-1.0,84.0,0.0,0.0,0.0,results
Polarizability,Progressive,55,match,-1.0,84.0,0.0,0.0,0.0,results
Polarizability,Progressive,56,match,-1.0,84.0,0.0,0.0,0.0,results
Polarizability,Progressive,57,match,-1.0,84.0,0.0,0.0,0.0,results
Polarizability,Progressive,58,match,-1.0,84.0,0.0,0.0,0.0,results
Polarizability,Progressive,59,match,-1.0,84.0,0.0,0.0,0.0,results
Polarizability,Progressive,60,match,-1.0,84.0,0.0,0.0,0.0,results
Polarizability,Progressive,61,match,-1.0,84.0,0.0,0.0,0.0,results
Polarizability,PseudoLabeling,42,match,-1.0,84.0,0.0,0.0,0.0,results
Polarizability,PseudoLabeling,43,match,-1.0,84.0,0.0,0.0,0.0,results
Polarizability,PseudoLabeling,44,match,-1.0,84.0,0.0,0.0,0.0,results
Polarizability,PseudoLabeling,45,match,-1.0,84.0,0.0,0.0,0.0,results
Polarizability,PseudoLabeling,46,match,-1.0,84.0,0.0,0.0,0.0,results
Polarizability,PseudoLabeling,47,match,-1.0,84.0,0.0,0.0,0.0,results
Polarizability,PseudoLabeling,48,match,-1.0,84.0,0.0,0.0,0.0,results
Polarizability,PseudoLabeling,49,match,-1.0,84.0,0.0,0.0,0.0,results
Polarizability,PseudoLabeling,50,match,-1.0,84.0,0.0,0.0,0.0,results
Polarizability,PseudoLabeling,51,match,-1.0,84.0,0.0,0.0,0.0,results
Polarizability,PseudoLabeling,52,match,-1.0,84.0,0.0,0.0,0.0,results
Polarizability,PseudoLabeling,53,match,-1.0,84.0,0.0,0.0,0.0,results
Polarizability,PseudoLabeling,54,match,-1.0,84.0,0.0,0.0,0.0,results
Polarizability,PseudoLabeling,55,match,-1.0,84.0,0.0,0.0,0.0,results
Polarizability,PseudoLabeling,56,match,-1.0,84.0,0.0,0.0,0.0,results
Polarizability,PseudoLabeling,57,match,-1.0,84.0,0.0,0.0,0.0,results
Polarizability,PseudoLabeling,58,match,-1.0,84.0,0.0,0.0,0.0,results
Polarizability,PseudoLabeling,59,match,-1.0,84.0,0.0,0.0,0.0,results
Polarizability,PseudoLabeling,60,match,-1.0,84.0,0.0,0.0,0.0,results
Polarizability,PseudoLabeling,61,match,-1.0,84.0,0.0,0.0,0.0,results
Polarizability,Sequential,42,match,-1.0,84.0,0.0,0.0,0.0,results
Polarizability,Sequential,43,match,-1.0,84.0,0.0,0.0,0.0,results
Polarizability,Sequential,44,match,-1.0,84.0,0.0,0.0,0.0,results
Polarizability,Sequential,45,match,-1.0,84.0,0.0,0.0,0.0,results
Polarizability,Sequential,46,match,-1.0,84.0,0.0,0.0,0.0,results
Polarizability,Sequential,47,match,-1.0,84.0,0.0,0.0,0.0,results
Polarizability,Sequential,48,match,-1.0,84.0,0.0,0.0,0.0,results
Polarizability,Sequential,49,match,-1.0,84.0,0.0,0.0,0.0,results
Polarizability,Sequential,50,match,-1.0,84.0,0.0,0.0,0.0,results
Polarizability,Sequential,51,match,-1.0,84.0,0.0,0.0,0.0,results
Polarizability,Sequential,52,match,-1.0,84.0,0.0,0.0,0.0,results
Polarizability,Sequential,53,match,-1.0,84.0,0.0,0.0,0.0,results
Polarizability,Sequential,54,match,-1.0,84.0,0.0,0.0,0.0,results
Polarizability,Sequential,55,match,-1.0,84.0,0.0,0.0,0.0,results
Polarizability,Sequential,56,match,-1.0,84.0,0.0,0.0,0.0,results
Polarizability,Sequential,57,match,-1.0,84.0,0.0,0.0,0.0,results
Polarizability,Sequential,58,match,-1.0,84.0,0.0,0.0,0.0,results
Polarizability,Sequential,59,match,-1.0,84.0,0.0,0.0,0.0,results
Polarizability,Sequential,60,match,-1.0,84.0,0.0,0.0,0.0,results
Polarizability,Sequential,61,match,-1.0,84.0,0.0,0.0,0.0,results
Polarizability,SoftParameterSharing,42,match,-1.0,84.0,0.0,0.0,0.0,results
Polarizability,SoftParameterSharing,43,match,-1.0,84.0,0.0,0.0,0.0,results
Polarizability,SoftParameterSharing,44,match,-1.0,84.0,0.0,0.0,0.0,results
Polarizability,SoftParameterSharing,45,match,-1.0,84.0,0.0,0.0,0.0,results
Polarizability,SoftParameterSharing,46,match,-1.0,84.0,0.0,0.0,0.0,results
Polarizability,SoftParameterSharing,47,match,-1.0,84.0,0.0,0.0,0.0,results
Polarizability,SoftParameterSharing,48,match,-1.0,84.0,0.0,0.0,0.0,results
Polarizability,SoftParameterSharing,49,match,-1.0,84.0,0.0,0.0,0.0,results
Polarizability,SoftParameterSharing,50,match,-1.0,84.0,0.0,0.0,0.0,results
Polarizability,SoftParameterSharing,51,match,-1.0,84.0,0.0,0.0,0.0,results
Polarizability,SoftParameterSharing,52,match,-1.0,84.0,0.0,0.0,0.0,results
Polarizability,SoftParameterSharing,53,match,-1.0,84.0,0.0,0.0,0.0,results
Polarizability,SoftParameterSharing,54,match,-1.0,84.0,0.0,0.0,0.0,results
Polarizability,SoftParameterSharing,55,match,-1.0,84.0,0.0,0.0,0.0,results
Polarizability,SoftParameterSharing,56,match,-1.0,84.0,0.0,0.0,0.0,results
Polarizability,SoftParameterSharing,57,match,-1.0,84.0,0.0,0.0,0.0,results
Polarizability,SoftParameterSharing,58,match,-1.0,84.0,0.0,0.0,0.0,results
Polarizability,SoftParameterSharing,59,match,-1.0,84.0,0.0,0.0,0.0,results
Polarizability,SoftParameterSharing,60,match,-1.0,84.0,0.0,0.0,0.0,results
Polarizability,SoftParameterSharing,61,match,-1.0,84.0,0.0,0.0,0.0,results
Polarizability,SparseMFGP,42,match,-1.0,84.0,0.0,0.0,0.0,results
Polarizability,SparseMFGP,43,match,-1.0,84.0,0.0,0.0,0.0,results
Polarizability,SparseMFGP,44,match,-1.0,84.0,0.0,0.0,0.0,results
Polarizability,SparseMFGP,45,match,-1.0,84.0,0.0,0.0,0.0,results
Polarizability,SparseMFGP,46,match,-1.0,84.0,0.0,0.0,0.0,results
Polarizability,SparseMFGP,47,match,-1.0,84.0,0.0,0.0,0.0,results
Polarizability,SparseMFGP,48,match,-1.0,84.0,0.0,0.0,0.0,results
Polarizability,SparseMFGP,49,match,-1.0,84.0,0.0,0.0,0.0,results
Polarizability,SparseMFGP,50,match,-1.0,84.0,0.0,0.0,0.0,results
Polarizability,SparseMFGP,51,match,-1.0,84.0,0.0,0.0,0.0,results
Polarizability,SparseMFGP,52,match,-1.0,84.0,0.0,0.0,0.0,results
Polarizability,SparseMFGP,53,match,-1.0,84.0,0.0,0.0,0.0,results
Polarizability,SparseMFGP,54,match,-1.0,84.0,0.0,0.0,0.0,results
Polarizability,SparseMFGP,55,match,-1.0,84.0,0.0891943734015343,0.0891943734015343,0.0,results
Polarizability,SparseMFGP,56,match,-1.0,84.0,0.0,0.0,0.0,results
Polarizability,SparseMFGP,57,match,-1.0,84.0,0.0,0.0,0.0,results
Polarizability,SparseMFGP,58,match,-1.0,84.0,0.0,0.0,0.0,results
Polarizability,SparseMFGP,59,match,-1.0,84.0,0.0,0.0,0.0,results
Polarizability,SparseMFGP,60,match,-1.0,84.0,0.0,0.0,0.0,results
Polarizability,SparseMFGP,61,match,-1.0,84.0,0.0,0.0,0.0,results
Polarizability,TwoStageJoint,42,match,-1.0,84.0,0.0,0.0,0.0,results
Polarizability,TwoStageJoint,43,match,-1.0,84.0,0.0,0.0,0.0,results
Polarizability,TwoStageJoint,44,match,-1.0,84.0,0.0,0.0,0.0,results
Polarizability,TwoStageJoint,45,match,-1.0,84.0,0.0,0.0,0.0,results
Polarizability,TwoStageJoint,46,match,-1.0,84.0,0.0,0.0,0.0,results
Polarizability,TwoStageJoint,47,match,-1.0,84.0,0.0,0.0,0.0,results
Polarizability,TwoStageJoint,48,match,-1.0,84.0,0.0,0.0,0.0,results
Polarizability,TwoStageJoint,49,match,-1.0,84.0,0.0,0.0,0.0,results
Polarizability,TwoStageJoint,50,match,-1.0,84.0,0.0,0.0,0.0,results
Polarizability,TwoStageJoint,51,match,-1.0,84.0,0.0,0.0,0.0,results
Polarizability,TwoStageJoint,52,match,-1.0,84.0,0.0,0.0,0.0,results
Polarizability,TwoStageJoint,53,match,-1.0,84.0,0.0,0.0,0.0,results
Polarizability,TwoStageJoint,54,match,-1.0,84.0,0.0,0.0,0.0,results
Polarizability,TwoStageJoint,55,match,-1.0,84.0,0.0,0.0,0.0,results
Polarizability,TwoStageJoint,56,match,-1.0,84.0,0.0,0.0,0.0,results
Polarizability,TwoStageJoint,57,match,-1.0,84.0,0.0,0.0,0.0,results
Polarizability,TwoStageJoint,58,match,-1.0,84.0,0.0,0.0,0.0,results
Polarizability,TwoStageJoint,59,match,-1.0,84.0,0.0,0.0,0.0,results
Polarizability,TwoStageJoint,60,match,-1.0,84.0,0.0,0.0,0.0,results
Polarizability,TwoStageJoint,61,match,-1.0,84.0,0.0,0.0,0.0,results
