experiment_id,role_in_paper,benchmarks,models,seeds_requested,seeds_completed,missing_or_failed,budget,rho,init_design,acquisition,fidelity_schedule,objective,features,dataset_files,model_impl,runner,config,run_command,code_version,raw_results,logs,environment,generated,provenance_status,notes
E01_refig_tl_primary_42-61,"Fig. 1 b-j (seeds 42-61 of Branin x2, Park x2, COFs; the other four pools are superseded by E05/E07 where the extension exists), Fig. 2, Fig. 4 (ECE), SI Fig. 1 (greedy arm), SI Fig. 2 (greedy arm)","Branin-Fav, Branin-Unfav, Park-Fav, Park-Unfav, COFs, FreeSolv, Polarizability, HOPV15, Matbench-Gap","Sequential, Curriculum, KnowledgeDistillation, PseudoLabeling, DNGOGradient (End-to-End Joint), DNGOJoint (Stop-Gradient Joint), TwoStageJoint (Pretrain-then-Joint), Progressive, DomainAdaptationMMD, SoftParameterSharing, Adapter (11 configurations; Curriculum = KD = PL identical, 720/720 trajectories)",42-61,20/20 in all 99 cells,none,"pools.py PAPER budgets: 50 (Branin, Park, FreeSolv), 30 (COFs, Polarizability, HOPV15), 20 (Matbench-Gap); paper evaluates chemistry pools at 30 by truncation/extension",0.1/0.5/0.1/0.5/0.065/0.1/0.167/0.1/0.05,"FPS over the pool (seeded); n_hf = max(2, int(0.05 B_cfg)), n_lf = max(2, int(0.05 B_cfg / rho)) with B_cfg the pool budget of pools.py (Branin/Park/FreeSolv 50, COFs/Polarizability/HOPV15 30, Matbench-Gap 20): 2 HF + 25/5/25/5/23/25/8/15/20 LF = 3.0-4.5 units","LF query: argmin mu_H over candidates not yet LF-evaluated; HF query: argmin mu_H over candidates not yet HF-evaluated (LF_TARGET=hf_argmin, HF_HEAD=blr_replace); each fidelity masks only its own evaluated candidates",round-robin: floor(1/rho) LF queries between HF queries; surrogate refitted from scratch at every step (WARM=0),"minimisation of the HF column after negation of maximisation targets (COFs Xe/Kr selectivity, polarizability, HOPV15 PCE negated; FreeSolv HF column (stored as -dG) minimised as stored = most positive dG, optimum +3.43 kcal/mol; Matbench-Gap |gap - 1.4 eV| minimised); regret = best HF value found - pool minimum","RDKit 2D (210) or Magpie (132) descriptors standardised then PCA-10 then standardised (ChemistryBenchmark, benchmark.py); COFs 14 raw descriptors; Branin 2, Park 4 (lattice coordinates); model input dim = 10 / 14 / 2 / 4","cofs.csv 7a628137; freesolv.csv b08a83d7; polarizability.csv 8d11f6e4; hopv15.csv 05d09f51; matbench_gap.csv 61c83312; synthetic_branin_fav.csv 2c70d85a; synthetic_branin_unfav.csv f4142c4a; synthetic_park_fav.csv 0289edfa; synthetic_park_unfav.csv 378b9f83 (identical on VM, cephfs and public repo main 5c80420)","refig_20260908/benchmark.py (11 TL classes, 2x64 tanh MLPs) + run_tl.py Head (BLR HF head on [g_L, phi_L, 1], LOO lambda in {10,30,100,300,1000}, beta = 1/LOO-MSE clipped [1,100])","refig_20260908/run_tl.py (arm blr_replace__hf_argmin, ACT=tanh, WARM=0)",pools.py PAPER dict; env HF_HEAD=blr_replace LF_TARGET=hf_argmin WARM=0 ACT=tanh; task list tasks_vm_main.txt via one_task_tl.sh / vm_driver*.sh,HF_HEAD=blr_replace LF_TARGET=hf_argmin WARM=0 ACT=tanh python run_tl.py --benches <pool> --models <model> --seeds 42 43 44 45 46 --outdir results,"untracked in any git repository at run time; file identity by md5 in reproducibility/snapshot/md5sums.txt (run_tl.py c89da997, run_gp.py c2768e57, pools.py fe3f0523, benchmark.py 24fb817e, _shared_calibration.py 184f0b62, baselines.py c2e539eb); cephfs mirror MFBO-TL-Paper-Copy260818 (HEAD 7b9d476, unrelated commit) == VM copy for these files","/mnt/data/jaewook_mfbo/MFBO-TL-Paper/experiments/refig_20260908/results/blr_replace__hf_argmin/cells (summary_*.csv, traj_*.csv); cephfs mirror does NOT hold this arm (only variant arms)",/mnt/data/jaewook_mfbo/MFBO-TL-Paper/experiments/refig_20260908/logs_tl,"VM l40s bo_env: Python 3.12.3, torch 2.4.1+cu121 (CPU), botorch 0.10.0, gpytorch 1.11, numpy 2.0.2, scipy 1.13.1, scikit-learn 1.6.1, pandas 2.3.3",2026-09-08 01:41-02:18,verified (raw cells present; identical to figrepo/results collected CSVs to 4e-16; loop code read),calibration columns ece_lf_mean/final logged from the LF BLR head (alpha = beta = 1)
E02_refig_gp_ei_42-61,"Fig. 1 b-f (GP rows, seeds 42-61), Fig. 2, Fig. 4 (ECE), SI Fig. 1 (MFGP EI)","Branin-Fav, Branin-Unfav, Park-Fav, Park-Unfav, COFs, FreeSolv, Polarizability, HOPV15, Matbench-Gap","MFGP (BoTorch SingleTaskMultiFidelityGP, legacy default priors), SparseMFGP, DKL (extra_baselines/baselines.py); NARGP also run but excluded from the paper",42-61,"MFGP 20/20 (FreeSolv seed 60 from results_gp_vm2); SparseMFGP 20/20 after results_gp_vm2 re-runs of Branin-Fav s42,s53 and Branin-Unfav s59; DKL 20/20 (results_gp_vm)","original SparseMFGP fit failures (NotPSD) on Branin-Fav s42,s53 and Branin-Unfav s59 and MFGP FreeSolv s60 were re-run on the VM (results_gp_vm2); NARGP cells incomplete and unused",as E01,as E01,"FPS over the pool (seeded); n_hf = max(2, int(0.05 B_cfg)), n_lf = max(2, int(0.05 B_cfg / rho)) with B_cfg the pool budget of pools.py (Branin/Park/FreeSolv 50, COFs/Polarizability/HOPV15 30, Matbench-Gap 20): 2 HF + 25/5/25/5/23/25/8/15/20 LF = 3.0-4.5 units (same seed -> same design as the TL runs)",LF query: EI on the HF-level posterior with the HF incumbent (GP_ACQ=ei); HF query: argmin posterior mean; per-fidelity masking,round-robin: floor(1/rho) LF queries between HF queries; surrogate refitted from scratch at every step (WARM=0),"minimisation of the HF column after negation of maximisation targets (COFs Xe/Kr selectivity, polarizability, HOPV15 PCE negated; FreeSolv HF column (stored as -dG) minimised as stored = most positive dG, optimum +3.43 kcal/mol; Matbench-Gap |gap - 1.4 eV| minimised); regret = best HF value found - pool minimum","RDKit 2D (210) or Magpie (132) descriptors standardised then PCA-10 then standardised (ChemistryBenchmark, benchmark.py); COFs 14 raw descriptors; Branin 2, Park 4 (lattice coordinates); model input dim = 10 / 14 / 2 / 4","cofs.csv 7a628137; freesolv.csv b08a83d7; polarizability.csv 8d11f6e4; hopv15.csv 05d09f51; matbench_gap.csv 61c83312; synthetic_branin_fav.csv 2c70d85a; synthetic_branin_unfav.csv f4142c4a; synthetic_park_fav.csv 0289edfa; synthetic_park_unfav.csv 378b9f83 (identical on VM, cephfs and public repo main 5c80420)",benchmark.py MFGP; baselines.py SparseMFGP / DKLMultiFidelity; TORCH_THREADS=4,refig_20260908/run_gp.py (GP_ACQ=ei),pools.py PAPER; tasks_slurm_gp9.txt / tasks_vm_dkl.txt / launch_dkl.sh,GP_ACQ=ei python run_gp.py --benches <pool> --models MFGP SparseMFGP --seeds ... --outdir results_gp ; DKL: --outdir results_gp_vm,"untracked in any git repository at run time; file identity by md5 in reproducibility/snapshot/md5sums.txt (run_tl.py c89da997, run_gp.py c2768e57, pools.py fe3f0523, benchmark.py 24fb817e, _shared_calibration.py 184f0b62, baselines.py c2e539eb); cephfs mirror MFBO-TL-Paper-Copy260818 (HEAD 7b9d476, unrelated commit) == VM copy for these files","/mnt/data/jaewook_mfbo/MFBO-TL-Paper/experiments/refig_20260908/results_gp/gp_ei/cells (MFGP, SparseMFGP, NARGP; VM + SLURM arrays), results_gp_vm/gp_ei/cells (DKL), results_gp_vm2/gp_ei/cells (fresh seeds); cephfs mirror holds results_gp only","/mnt/data/jaewook_mfbo/MFBO-TL-Paper/experiments/refig_20260908/logs_gp, logs_slurm","VM l40s bo_env: Python 3.12.3, torch 2.4.1+cu121 (CPU), botorch 0.10.0, gpytorch 1.11, numpy 2.0.2, scipy 1.13.1, scikit-learn 1.6.1, pandas 2.3.3 and SLURM paper_v1_py39: Python 3.9, numpy 1.26.4, same torch/botorch/gpytorch/scipy versions (per the 2026-09-08 package notes; not re-verified here) (GP arrays partly on SLURM)","2026-09-08 01:42-03:30 (results_gp), 13:51-14:33 (DKL), 22:57-23:19 (vm2)",verified (cells present; collect.log 0 fallback rows),19 keystone-blockA fallback rows used on the 2026-09-08 board were replaced by these fresh runs before any manuscript figure
E03_refig_tl_conf_62-81,"Fig. 1, Fig. 2, Fig. 4 (seeds 62-81 of the nine original pools where no extension exists: Branin x2, Park x2, COFs; FreeSolv/Polarizability TL rows), SI Fig. 1 greedy arm (40 seeds)","Branin-Fav, Branin-Unfav, Park-Fav, Park-Unfav, COFs, FreeSolv, Polarizability, HOPV15, Matbench-Gap","Sequential, Curriculum, KnowledgeDistillation, PseudoLabeling, DNGOGradient (End-to-End Joint), DNGOJoint (Stop-Gradient Joint), TwoStageJoint (Pretrain-then-Joint), Progressive, DomainAdaptationMMD, SoftParameterSharing, Adapter",62-81,20/20 in all 99 cells,none,as E01,as E01,"FPS over the pool (seeded); n_hf = max(2, int(0.05 B_cfg)), n_lf = max(2, int(0.05 B_cfg / rho)) with B_cfg the pool budget of pools.py (Branin/Park/FreeSolv 50, COFs/Polarizability/HOPV15 30, Matbench-Gap 20): 2 HF + 25/5/25/5/23/25/8/15/20 LF = 3.0-4.5 units","LF query: argmin mu_H over candidates not yet LF-evaluated; HF query: argmin mu_H over candidates not yet HF-evaluated (LF_TARGET=hf_argmin, HF_HEAD=blr_replace); each fidelity masks only its own evaluated candidates",round-robin: floor(1/rho) LF queries between HF queries; surrogate refitted from scratch at every step (WARM=0),"minimisation of the HF column after negation of maximisation targets (COFs Xe/Kr selectivity, polarizability, HOPV15 PCE negated; FreeSolv HF column (stored as -dG) minimised as stored = most positive dG, optimum +3.43 kcal/mol; Matbench-Gap |gap - 1.4 eV| minimised); regret = best HF value found - pool minimum","RDKit 2D (210) or Magpie (132) descriptors standardised then PCA-10 then standardised (ChemistryBenchmark, benchmark.py); COFs 14 raw descriptors; Branin 2, Park 4 (lattice coordinates); model input dim = 10 / 14 / 2 / 4","cofs.csv 7a628137; freesolv.csv b08a83d7; polarizability.csv 8d11f6e4; hopv15.csv 05d09f51; matbench_gap.csv 61c83312; synthetic_branin_fav.csv 2c70d85a; synthetic_branin_unfav.csv f4142c4a; synthetic_park_fav.csv 0289edfa; synthetic_park_unfav.csv 378b9f83 (identical on VM, cephfs and public repo main 5c80420)",as E01,"refig_20260908/run_tl_conf.py (instrumented copy of run_tl.py; LF_MASK=lf, INIT_DESIGN=fps defaults verified bit-identical to run_tl.py)",launch_conf.sh; env as E01,python run_tl_conf.py --seeds 62..81 --outdir results_conf,"untracked in any git repository at run time; file identity by md5 in reproducibility/snapshot/md5sums.txt (run_tl.py c89da997, run_gp.py c2768e57, pools.py fe3f0523, benchmark.py 24fb817e, _shared_calibration.py 184f0b62, baselines.py c2e539eb); cephfs mirror MFBO-TL-Paper-Copy260818 (HEAD 7b9d476, unrelated commit) == VM copy for these files",/mnt/data/jaewook_mfbo/MFBO-TL-Paper/experiments/refig_20260908/results_conf/blr_replace__hf_argmin/cells,/mnt/data/jaewook_mfbo/MFBO-TL-Paper/experiments/refig_20260908/logs_conf,"VM l40s bo_env: Python 3.12.3, torch 2.4.1+cu121 (CPU), botorch 0.10.0, gpytorch 1.11, numpy 2.0.2, scipy 1.13.1, scikit-learn 1.6.1, pandas 2.3.3",2026-09-08 22:48-23:39,verified,run as a held-out check; pooled with 42-61 by the 2026-09-11 data-inclusion decision
E04_refig_gp_conf_62-81,"Fig. 1/2/4 GP rows seeds 62-81 (Branin x2, Park x2, COFs; Polarizability MFGP/DKL; FreeSolv DKL); SI Fig. 1 (40 seeds)","Branin-Fav, Branin-Unfav, Park-Fav, Park-Unfav, COFs, FreeSolv, Polarizability, HOPV15, Matbench-Gap","MFGP, SparseMFGP, DKL (NARGP excluded)",62-81,"MFGP 20/20; DKL 20/20; SparseMFGP 16/20 on Branin-Fav (s63,s75,s76,s80 NotPSD), 19/20 on Branin-Unfav (s69), 20/20 elsewhere",5 SparseMFGP fits failed (NotPSD) -> Fig. 1 n = 36 / 39 for SV-MFGP on Branin-Fav / Branin-Unfav,as E01,as E01,"FPS over the pool (seeded); n_hf = max(2, int(0.05 B_cfg)), n_lf = max(2, int(0.05 B_cfg / rho)) with B_cfg the pool budget of pools.py (Branin/Park/FreeSolv 50, COFs/Polarizability/HOPV15 30, Matbench-Gap 20): 2 HF + 25/5/25/5/23/25/8/15/20 LF = 3.0-4.5 units",LF query: EI on the HF-level posterior with the HF incumbent (GP_ACQ=ei); HF query: argmin posterior mean; per-fidelity masking,round-robin: floor(1/rho) LF queries between HF queries; surrogate refitted from scratch at every step (WARM=0),"minimisation of the HF column after negation of maximisation targets (COFs Xe/Kr selectivity, polarizability, HOPV15 PCE negated; FreeSolv HF column (stored as -dG) minimised as stored = most positive dG, optimum +3.43 kcal/mol; Matbench-Gap |gap - 1.4 eV| minimised); regret = best HF value found - pool minimum","RDKit 2D (210) or Magpie (132) descriptors standardised then PCA-10 then standardised (ChemistryBenchmark, benchmark.py); COFs 14 raw descriptors; Branin 2, Park 4 (lattice coordinates); model input dim = 10 / 14 / 2 / 4","cofs.csv 7a628137; freesolv.csv b08a83d7; polarizability.csv 8d11f6e4; hopv15.csv 05d09f51; matbench_gap.csv 61c83312; synthetic_branin_fav.csv 2c70d85a; synthetic_branin_unfav.csv f4142c4a; synthetic_park_fav.csv 0289edfa; synthetic_park_unfav.csv 378b9f83 (identical on VM, cephfs and public repo main 5c80420)",as E02,refig_20260908/run_gp_conf.py,launch_conf.sh; GP_ACQ=ei,GP_ACQ=ei python run_gp_conf.py --seeds 62..81 --outdir results_gp_conf,"untracked in any git repository at run time; file identity by md5 in reproducibility/snapshot/md5sums.txt (run_tl.py c89da997, run_gp.py c2768e57, pools.py fe3f0523, benchmark.py 24fb817e, _shared_calibration.py 184f0b62, baselines.py c2e539eb); cephfs mirror MFBO-TL-Paper-Copy260818 (HEAD 7b9d476, unrelated commit) == VM copy for these files",/mnt/data/jaewook_mfbo/MFBO-TL-Paper/experiments/refig_20260908/results_gp_conf/gp_ei/cells,/mnt/data/jaewook_mfbo/MFBO-TL-Paper/experiments/refig_20260908/logs_conf,"VM l40s bo_env: Python 3.12.3, torch 2.4.1+cu121 (CPU), botorch 0.10.0, gpytorch 1.11, numpy 2.0.2, scipy 1.13.1, scikit-learn 1.6.1, pandas 2.3.3",2026-09-08 23:04 - 2026-09-09 06:43,verified,
E05_ext_chem_42-61,"Fig. 1 g-j, Fig. 2 f-i (FreeSolv, Polarizability, HOPV15, Matbench-Gap seeds 42-61: the extension trajectories replace the E01/E02 runs of these pools because the pipeline keeps the longest run per seed)","FreeSolv (to 100), Polarizability (to 60), HOPV15 (to 45), Matbench-Gap (to 40)","Sequential, Curriculum, KnowledgeDistillation, PseudoLabeling, DNGOGradient (End-to-End Joint), DNGOJoint (Stop-Gradient Joint), TwoStageJoint (Pretrain-then-Joint), Progressive, DomainAdaptationMMD, SoftParameterSharing, Adapter; MFGP, SparseMFGP, NARGP (unused)",42-61,"20/20 (FreeSolv MFGP s51,s53,s54,s55 re-run after ModelFittingError beyond budget 50)",none after the re-run,"EXT_BUDGETS FreeSolv=100, Polarizability=60, HOPV15=45, Matbench-Gap=40; initial design from the ORIGINAL pool budget (init_budget = cfg budget)",0.1/0.167/0.1/0.05,"FPS over the pool (seeded); n_hf = max(2, int(0.05 B_cfg)), n_lf = max(2, int(0.05 B_cfg / rho)) with B_cfg the pool budget of pools.py (Branin/Park/FreeSolv 50, COFs/Polarizability/HOPV15 30, Matbench-Gap 20): 2 HF + 25/5/25/5/23/25/8/15/20 LF = 3.0-4.5 units (identical to E01/E02 for the same seed)","LF query: argmin mu_H over candidates not yet LF-evaluated; HF query: argmin mu_H over candidates not yet HF-evaluated (LF_TARGET=hf_argmin, HF_HEAD=blr_replace); each fidelity masks only its own evaluated candidates / LF query: EI on the HF-level posterior with the HF incumbent (GP_ACQ=ei); HF query: argmin posterior mean; per-fidelity masking",round-robin: floor(1/rho) LF queries between HF queries; surrogate refitted from scratch at every step (WARM=0); pick logs picks_*.csv + rng_*.pkl written,"minimisation of the HF column after negation of maximisation targets (COFs Xe/Kr selectivity, polarizability, HOPV15 PCE negated; FreeSolv HF column (stored as -dG) minimised as stored = most positive dG, optimum +3.43 kcal/mol; Matbench-Gap |gap - 1.4 eV| minimised); regret = best HF value found - pool minimum","RDKit 2D (210) or Magpie (132) descriptors standardised then PCA-10 then standardised (ChemistryBenchmark, benchmark.py); COFs 14 raw descriptors; Branin 2, Park 4 (lattice coordinates); model input dim = 10 / 14 / 2 / 4","cofs.csv 7a628137; freesolv.csv b08a83d7; polarizability.csv 8d11f6e4; hopv15.csv 05d09f51; matbench_gap.csv 61c83312; synthetic_branin_fav.csv 2c70d85a; synthetic_branin_unfav.csv f4142c4a; synthetic_park_fav.csv 0289edfa; synthetic_park_unfav.csv 378b9f83 (identical on VM, cephfs and public repo main 5c80420)",as E01/E02 (benchmark.py identical md5 24fb817e),"ext_chem_20260909/run_tl.py, run_gp.py (refig runners + EXT_BUDGETS, pick logging, RESUME_DIRS)","ext_env.sh (HF_HEAD=blr_replace LF_TARGET=hf_argmin WARM=0 ACT=tanh GP_ACQ=ei), tasks_vm.txt, vm_driver.sh",source ext_env.sh; python run_tl.py --benches <pool> --models <model> --seeds ... --outdir results  (one_task.sh),"untracked in any git repository at run time; file identity by md5 in reproducibility/snapshot/md5sums.txt (ext run_tl.py c0abe6a6, run_gp.py dae10482, pools.py dd5c9522, benchmark.py 24fb817e, _shared_calibration.py 184f0b62, baselines.py c2e539eb); cephfs mirror MFBO-TL-Paper-Copy260818 (HEAD 7b9d476, unrelated commit) == VM copy for these files",/mnt/data/jaewook_mfbo/MFBO-TL-Paper/experiments/ext_chem_20260909/results/<arm>/cells (+ results_slurm duplicates); cephfs mirror ext_chem_20260909/results_vm,/mnt/data/jaewook_mfbo/MFBO-TL-Paper/experiments/ext_chem_20260909/logs_vm,"VM l40s bo_env: Python 3.12.3, torch 2.4.1+cu121 (CPU), botorch 0.10.0, gpytorch 1.11, numpy 2.0.2, scipy 1.13.1, scikit-learn 1.6.1, pandas 2.3.3",2026-09-09 18:02-21:18 (+ FreeSolv MFGP re-run 21:19),"verified; prefix vs E01/E02 identical for every TL model and MFGP, 19/120 SparseMFGP seeds differ (FreeSolv 2, HOPV15 5, Matbench-Gap 12; reproducibility/values/ext_chem/ext_prefix_check.csv and verify/verify_out_20260914/ext_prefix_recomputed.csv)",the paper reads these runs only up to budget 30; ext runs of seeds 82-101 (phase 3) exist in the same directory and are filtered out (SEEDS 42-81)
E06_ext_chem_62-81,"Fig. 1 g-j, Fig. 2 f-i seeds 62-81 (HOPV15, Matbench-Gap all 12 surrogates; FreeSolv/Polarizability SparseMFGP and MFGP)","FreeSolv, Polarizability, HOPV15, Matbench-Gap","11 TL + MFGP, SparseMFGP, DKL, NARGP",62-81,20/20 for the cells used (HOPV15/Matbench-Gap all models; FreeSolv/Polarizability GP rows; FreeSolv/Polarizability TL rows come from E03),none,as E05 (B_max caps),as E05,"FPS over the pool (seeded); n_hf = max(2, int(0.05 B_cfg)), n_lf = max(2, int(0.05 B_cfg / rho)) with B_cfg the pool budget of pools.py (Branin/Park/FreeSolv 50, COFs/Polarizability/HOPV15 30, Matbench-Gap 20): 2 HF + 25/5/25/5/23/25/8/15/20 LF = 3.0-4.5 units","LF query: argmin mu_H over candidates not yet LF-evaluated; HF query: argmin mu_H over candidates not yet HF-evaluated (LF_TARGET=hf_argmin, HF_HEAD=blr_replace); each fidelity masks only its own evaluated candidates / LF query: EI on the HF-level posterior with the HF incumbent (GP_ACQ=ei); HF query: argmin posterior mean; per-fidelity masking",round-robin: floor(1/rho) LF queries between HF queries; surrogate refitted from scratch at every step (WARM=0),"minimisation of the HF column after negation of maximisation targets (COFs Xe/Kr selectivity, polarizability, HOPV15 PCE negated; FreeSolv HF column (stored as -dG) minimised as stored = most positive dG, optimum +3.43 kcal/mol; Matbench-Gap |gap - 1.4 eV| minimised); regret = best HF value found - pool minimum","RDKit 2D (210) or Magpie (132) descriptors standardised then PCA-10 then standardised (ChemistryBenchmark, benchmark.py); COFs 14 raw descriptors; Branin 2, Park 4 (lattice coordinates); model input dim = 10 / 14 / 2 / 4","cofs.csv 7a628137; freesolv.csv b08a83d7; polarizability.csv 8d11f6e4; hopv15.csv 05d09f51; matbench_gap.csv 61c83312; synthetic_branin_fav.csv 2c70d85a; synthetic_branin_unfav.csv f4142c4a; synthetic_park_fav.csv 0289edfa; synthetic_park_unfav.csv 378b9f83 (identical on VM, cephfs and public repo main 5c80420)",as E05,as E05 (overnight B_max queue phase 2),ext_env.sh; tasks_phase2.txt; chain_phase2.sh,as E05,as E05,/mnt/data/jaewook_mfbo/MFBO-TL-Paper/experiments/ext_chem_20260909/results/<arm>/cells,/mnt/data/jaewook_mfbo/MFBO-TL-Paper/experiments/ext_chem_20260909/logs_vm,"VM l40s bo_env: Python 3.12.3, torch 2.4.1+cu121 (CPU), botorch 0.10.0, gpytorch 1.11, numpy 2.0.2, scipy 1.13.1, scikit-learn 1.6.1, pandas 2.3.3",2026-09-09 20:34 - 2026-09-10 01:51,verified (cells present),
E07_ext100_matbench,"Fig. 1 j, Fig. 2 i, Fig. 4 i: Matbench-Gap at budget 30 (the B = 20 runs of E01/E02 cannot be evaluated at 30; the 40 -> 100 continuation is the longest run and is read at 30)",Matbench-Gap (to 100),"Sequential, Curriculum, KnowledgeDistillation, PseudoLabeling, DNGOGradient (End-to-End Joint), DNGOJoint (Stop-Gradient Joint), TwoStageJoint (Pretrain-then-Joint), Progressive, DomainAdaptationMMD, SoftParameterSharing, Adapter; MFGP, SparseMFGP, DKL, NARGP",42-81,40/40 for all 12 paper surrogates (DKL 62-81 landed 2026-09-11 14:26),none,"100 (continuation of the B = 40 runs of E05/E06 by pick-log replay, RESUME_DIRS=results; TL RNG state restored)",0.05,"FPS over the pool (seeded); n_hf = max(2, int(0.05 B_cfg)), n_lf = max(2, int(0.05 B_cfg / rho)) with B_cfg the pool budget of pools.py (Branin/Park/FreeSolv 50, COFs/Polarizability/HOPV15 30, Matbench-Gap 20): 2 HF + 25/5/25/5/23/25/8/15/20 LF = 3.0-4.5 units","LF query: argmin mu_H over candidates not yet LF-evaluated; HF query: argmin mu_H over candidates not yet HF-evaluated (LF_TARGET=hf_argmin, HF_HEAD=blr_replace); each fidelity masks only its own evaluated candidates / LF query: EI on the HF-level posterior with the HF incumbent (GP_ACQ=ei); HF query: argmin posterior mean; per-fidelity masking",round-robin: floor(1/rho) LF queries between HF queries; surrogate refitted from scratch at every step (WARM=0),"minimisation of the HF column after negation of maximisation targets (COFs Xe/Kr selectivity, polarizability, HOPV15 PCE negated; FreeSolv HF column (stored as -dG) minimised as stored = most positive dG, optimum +3.43 kcal/mol; Matbench-Gap |gap - 1.4 eV| minimised); regret = best HF value found - pool minimum","RDKit 2D (210) or Magpie (132) descriptors standardised then PCA-10 then standardised (ChemistryBenchmark, benchmark.py); COFs 14 raw descriptors; Branin 2, Park 4 (lattice coordinates); model input dim = 10 / 14 / 2 / 4","cofs.csv 7a628137; freesolv.csv b08a83d7; polarizability.csv 8d11f6e4; hopv15.csv 05d09f51; matbench_gap.csv 61c83312; synthetic_branin_fav.csv 2c70d85a; synthetic_branin_unfav.csv f4142c4a; synthetic_park_fav.csv 0289edfa; synthetic_park_unfav.csv 378b9f83 (identical on VM, cephfs and public repo main 5c80420)",as E05,"ext_chem_20260909/run_tl.py, run_gp.py with RESUME_DIRS","EXT_OVERRIDE Matbench-Gap=100; tasks_ext100.txt, tasks_ext100_s62.txt, tasks_dkl100.txt; vm_driver_ext100*.sh",RESUME_DIRS=results EXT_BUDGETS=Matbench-Gap=100 python run_gp.py ... --outdir results_ext100,as E05,/mnt/data/jaewook_mfbo/MFBO-TL-Paper/experiments/ext_chem_20260909/results_ext100/<arm>/cells,/mnt/data/jaewook_mfbo/MFBO-TL-Paper/experiments/ext_chem_20260909/logs_ext100,"VM l40s bo_env: Python 3.12.3, torch 2.4.1+cu121 (CPU), botorch 0.10.0, gpytorch 1.11, numpy 2.0.2, scipy 1.13.1, scikit-learn 1.6.1, pandas 2.3.3",2026-09-10 00:55 - 2026-09-11 14:26,"verified (prefix identity with E05 holds for TL/MFGP; SparseMFGP 12/40 seeds differ, see E05)",resume correctness verified by the ext_chem package (direct == resumed for GP; TL only with the RNG state)
E08_confirm_ext_4pools,"Fig. 1 k-n, Fig. 2 j-m, Fig. 4 j-m, Fig. 1 o/p (the four large materials pools at B = 30)","ExptGap-PBE, Elastic-CHGNet, Elastic-SevenNet, Elastic-MatterSim","9 TL (KD/PL omitted, identical to Curriculum); MFGP, SparseMFGP, DKL",42-81,"40/40 in all 48 cells (TL 1440/1440 to cap 60; GP 480/480 to cap 31, some seeds continued to 41/60)",none,cap 60 (TL) / 31 (GP); paper reads the prefix up to 30; initial design from B_cfg = 20,0.05,FPS; B_cfg = 20 (pools.CONFIRM): 2 HF + 20 LF = 3.0 units,"LF query: argmin mu_H over candidates not yet LF-evaluated; HF query: argmin mu_H over candidates not yet HF-evaluated (LF_TARGET=hf_argmin, HF_HEAD=blr_replace); each fidelity masks only its own evaluated candidates / LF query: EI on the HF-level posterior with the HF incumbent (GP_ACQ=ei); HF query: argmin posterior mean; per-fidelity masking",round-robin: floor(1/rho) LF queries between HF queries; surrogate refitted from scratch at every step (WARM=0),"ExptGap-PBE |E_g - 1.4 eV| minimised; elastic pools: DFT G_VRH maximised (stored negated, minimised); regret = best HF value found - pool minimum","Magpie 132 -> PCA-10 (precomputed in the pool CSVs by benchmarks/expt_gap_pbe.py, elastic_modulus.py)",expt_gap_pbe.csv 1d7584d7; elastic_chgnet_shear.csv 9c8a2240; elastic_sevennet_shear.csv 87305eb4; elastic_mattersim_shear.csv e36d0b74 (VM == cephfs; copies in reproducibility/snapshot/data; NOT in the public repo),as E05,"ext_chem_20260909/run_tl.py, run_gp.py (pools.CONFIRM of ext_chem_20260909/pools.py)","submit_confirm_ext.sbatch (SLURM 37199907 TL, 37202689 GP cap 31), vm_driver_confirm_ext*.sh, vm_worker_confirm_ext.sh, tasks_confirm_ext_{tl,gp}.txt",source ext_env.sh; EXT_BUDGETS=<pool>=60 python run_tl.py ... --outdir results_confirm_ext,as E05,"/mnt/data/jaewook_mfbo/MFBO-TL-Paper/experiments/ext_chem_20260909/results_confirm_ext/<arm>/cells (== results_confirm_ext_slurm, synced both ways); SLURM home copy /users/k23070952/mfbo_confirm_ext",/mnt/data/jaewook_mfbo/MFBO-TL-Paper/experiments/ext_chem_20260909/logs_confirm_ext,"VM l40s bo_env: Python 3.12.3, torch 2.4.1+cu121 (CPU), botorch 0.10.0, gpytorch 1.11, numpy 2.0.2, scipy 1.13.1, scikit-learn 1.6.1, pandas 2.3.3 and SLURM paper_v1_py39: Python 3.9, numpy 1.26.4, same torch/botorch/gpytorch/scipy versions (per the 2026-09-08 package notes; not re-verified here)",2026-09-13 17:30-21:45,"verified (cells present, 40 seeds); the B = 20 runs of these pools (refig results_confirm, 2026-09-09/11) are superseded",ECE columns NaN for 6-8 seeds per pool (loop-mean over available refits)
E09_grid_tl,Fig. 3 a-c (TL family = Progressive / KD / PL best-of-family),"126 grid cells cell_00..cell_125 (polarizability substrate, curated LF sources; manifest grid_manifest.csv r2/top10)","Progressive, KnowledgeDistillation, PseudoLabeling (BLR head)",42-51,10/10 in all 378 cells,none,"50 at rho 0.1; init_budget 10 -> 2 HF + 5 LF; runs end with n_hf 25, n_lf 249",0.1,"FPS, 2 HF + 5 LF (pools.grid_cell)","LF query: argmin mu_H over candidates not yet LF-evaluated; HF query: argmin mu_H over candidates not yet HF-evaluated (LF_TARGET=hf_argmin, HF_HEAD=blr_replace); each fidelity masks only its own evaluated candidates",round-robin: floor(1/rho) LF queries between HF queries; surrogate refitted from scratch at every step (WARM=0),minimise the polarizability HF column (grid cell CSVs data/grid_cells/cell_XX.csv; HF range 1.0),cell CSV features as stored (PCA-10 polarizability descriptors),/mnt/data/jaewook_mfbo/MFBO-TL-Paper/experiments/../data/grid_cells/cell_XX.csv (126 files; regenerable by runners/grid featurize_polariz.py -> grid_design.py -> gen_grid_cells.py),as E01,refig_20260908/run_tl.py with pools.grid_cell,tasks_vm_grid.txt / tasks_slurm_grid_tl.txt; chain_vm_grid.sh,python run_tl.py --benches cell_XX --models Progressive KnowledgeDistillation PseudoLabeling --seeds 42..51 --outdir results_grid,"untracked in any git repository at run time; file identity by md5 in reproducibility/snapshot/md5sums.txt (run_tl.py c89da997, run_gp.py c2768e57, pools.py fe3f0523, benchmark.py 24fb817e, _shared_calibration.py 184f0b62, baselines.py c2e539eb); cephfs mirror MFBO-TL-Paper-Copy260818 (HEAD 7b9d476, unrelated commit) == VM copy for these files",/mnt/data/jaewook_mfbo/MFBO-TL-Paper/experiments/refig_20260908/results_grid/blr_replace__hf_argmin/cells (+ results_grid_slurm); cephfs mirror results_grid,/mnt/data/jaewook_mfbo/MFBO-TL-Paper/experiments/refig_20260908/logs_tl,"VM l40s bo_env: Python 3.12.3, torch 2.4.1+cu121 (CPU), botorch 0.10.0, gpytorch 1.11, numpy 2.0.2, scipy 1.13.1, scikit-learn 1.6.1, pandas 2.3.3 (+ SLURM)",2026-09-08 02:21-03:43,verified,
E10_grid_gp_public,Fig. 3 a-c (baseline MFGP and variants DKL + SparseMFGP),the same 126 grid cells,"MFGP, SparseMFGP, DKL (NARGP rows from refig results_grid_gp are unused)",42-51,10/10,none,"50 at rho 0.1, 2 HF + 5 LF initial design, per-fidelity masking, EI LF / greedy HF (public runners/grid/run_ext.py)",0.1,FPS 2 HF + 5 LF (same rule as E09; identical designs per seed per the 2026-09-08 audit),LF query: EI on the HF-level posterior with the HF incumbent (GP_ACQ=ei); HF query: argmin posterior mean; per-fidelity masking,round-robin: floor(1/rho) LF queries between HF queries; surrogate refitted from scratch at every step (WARM=0),as E09,as E09,as E09,src/benchmark.py MFGP + src/baselines.py (public repo),public MGuo-Lab/MFBO-TL runners/grid/run_ext.py + run_grid_cell.py (June 2026 campaign matbench_budget_ext/results_grid_polariz),runners/grid/*.py,python runners/grid/run_grid_cell.py <cell>,generating commit UNKNOWN (untracked at the time); the cells are byte-identical to public MGuo-Lab/MFBO-TL main 5c80420 results/grid/cells (combined md5 a1b89188) and to the VM pubgrid copy,public repo results/grid/cells/summary_cell_XX.csv (MFGP/SparseMFGP/DKL/NARGP rows); merged with E09 by collect.py into figrepo/results/grid/cells,not available,unknown (2026-06 SLURM campaign),2026-06-18 (results_grid_polariz),"ambiguous version: data identity verified, generating code commit and environment not recorded",reused unchanged from the previous manuscript; legacy BoTorch priors as in E02
E11_flop_profile_blr,"Fig. 5c, SI Fig. 3, Results 2.6, abstract/discussion 43x","Branin-Fav, Branin-Unfav, Park-Fav, Park-Unfav, COFs, FreeSolv, Polarizability, HOPV15, Matbench-Gap","14 (11 TL as run + MFGP, SparseMFGP, DKL; NARGP profiled but excluded)","42, 43","1260 rows, ok = 1",none,"training-set fractions 0.1/0.3/0.5/0.7/1.0 of SCHED (n_hf, n_lf) = the final counts of the regenerated runs: FreeSolv (24, 259) = B 50 schedule, Matbench-Gap (10, 199) = B 20 schedule, others as Table 1",n/a,n/a (random LF/HF subsets),n/a,"loop FLOPs reconstructed in plot_computing_flops_blr.py with SCHED (n_init, n_final) per pool",n/a,"RDKit 2D (210) or Magpie (132) descriptors standardised then PCA-10 then standardised (ChemistryBenchmark, benchmark.py); COFs 14 raw descriptors; Branin 2, Park 4 (lattice coordinates); model input dim = 10 / 14 / 2 / 4","cofs.csv 7a628137; freesolv.csv b08a83d7; polarizability.csv 8d11f6e4; hopv15.csv 05d09f51; matbench_gap.csv 61c83312; synthetic_branin_fav.csv 2c70d85a; synthetic_branin_unfav.csv f4142c4a; synthetic_park_fav.csv 0289edfa; synthetic_park_unfav.csv 378b9f83 (identical on VM, cephfs and public repo main 5c80420)",as E01/E02; BLR head FLOPs counted analytically (blr_fit_flops / blr_predict_flops),refig_20260908/run_flop_profile_blr.py,SCHED/INIT dicts in the script,python run_flop_profile_blr.py --n-seeds 2,"untracked in any git repository at run time; file identity by md5 in reproducibility/snapshot/md5sums.txt (run_tl.py c89da997, run_gp.py c2768e57, pools.py fe3f0523, benchmark.py 24fb817e, _shared_calibration.py 184f0b62, baselines.py c2e539eb); cephfs mirror MFBO-TL-Paper-Copy260818 (HEAD 7b9d476, unrelated commit) == VM copy for these files",/mnt/data/jaewook_mfbo/MFBO-TL-Paper/experiments/refig_20260908/figrepo/results/flop_profile_blr/flop_profile.csv (copy in reproducibility/values/figrepo_out),,"VM l40s bo_env: Python 3.12.3, torch 2.4.1+cu121 (CPU), botorch 0.10.0, gpytorch 1.11, numpy 2.0.2, scipy 1.13.1, scikit-learn 1.6.1, pandas 2.3.3",2026-09-09 00:04,"verified (k_N, break-even, ratios recomputed)",profiles the FreeSolv loop at the B = 50 schedule and Matbench-Gap at B = 20 while Fig. 1 evaluates them at 30 (stated in SI Note 6)
E12_acq_arms_42-61,"SI Fig. 1 (TL EI arm), SI Fig. 2 (EI, PI, UCB, MES, Thompson arms), Results 2.4-2.5","Branin-Fav, Branin-Unfav, Park-Fav, Park-Unfav, COFs, FreeSolv, Polarizability, HOPV15, Matbench-Gap","Sequential, Curriculum, KnowledgeDistillation, PseudoLabeling, DNGOGradient (End-to-End Joint), DNGOJoint (Stop-Gradient Joint), TwoStageJoint (Pretrain-then-Joint), Progressive, DomainAdaptationMMD, SoftParameterSharing, Adapter",42-61,"20/20 for every surrogate x pool in each of the five arms after merging VM and SLURM copies (collect.load_arm, first occurrence wins)",none,as E01,as E01,"FPS over the pool (seeded); n_hf = max(2, int(0.05 B_cfg)), n_lf = max(2, int(0.05 B_cfg / rho)) with B_cfg the pool budget of pools.py (Branin/Park/FreeSolv 50, COFs/Polarizability/HOPV15 30, Matbench-Gap 20): 2 HF + 25/5/25/5/23/25/8/15/20 LF = 3.0-4.5 units","LF query by the named acquisition on (mu_H, sigma_H) of the BLR HF head with the HF incumbent (EI xi = 0.01, PI, LCB beta = 2, MES Gumbel 10 samples, Thompson); HF query argmin mu_H",round-robin: floor(1/rho) LF queries between HF queries; surrogate refitted from scratch at every step (WARM=0),"minimisation of the HF column after negation of maximisation targets (COFs Xe/Kr selectivity, polarizability, HOPV15 PCE negated; FreeSolv HF column (stored as -dG) minimised as stored = most positive dG, optimum +3.43 kcal/mol; Matbench-Gap |gap - 1.4 eV| minimised); regret = best HF value found - pool minimum","RDKit 2D (210) or Magpie (132) descriptors standardised then PCA-10 then standardised (ChemistryBenchmark, benchmark.py); COFs 14 raw descriptors; Branin 2, Park 4 (lattice coordinates); model input dim = 10 / 14 / 2 / 4","cofs.csv 7a628137; freesolv.csv b08a83d7; polarizability.csv 8d11f6e4; hopv15.csv 05d09f51; matbench_gap.csv 61c83312; synthetic_branin_fav.csv 2c70d85a; synthetic_branin_unfav.csv f4142c4a; synthetic_park_fav.csv 0289edfa; synthetic_park_unfav.csv 378b9f83 (identical on VM, cephfs and public repo main 5c80420)",as E01,refig_20260908/run_tl.py with LF_TARGET=hf_ei|hf_pi|hf_ucb|hf_mes|hf_ts,"tasks_vm_uq*.txt, tasks_slurm_uq.txt, submit_tl_strided.sbatch",LF_TARGET=hf_pi python run_tl.py ...,"untracked in any git repository at run time; file identity by md5 in reproducibility/snapshot/md5sums.txt (run_tl.py c89da997, run_gp.py c2768e57, pools.py fe3f0523, benchmark.py 24fb817e, _shared_calibration.py 184f0b62, baselines.py c2e539eb); cephfs mirror MFBO-TL-Paper-Copy260818 (HEAD 7b9d476, unrelated commit) == VM copy for these files",/mnt/data/jaewook_mfbo/MFBO-TL-Paper/experiments/refig_20260908/results/blr_replace__hf_<acq>/cells (VM) and results_slurm/blr_replace__hf_<acq>/cells (SLURM),"/mnt/data/jaewook_mfbo/MFBO-TL-Paper/experiments/refig_20260908/logs_tl, logs_slurm","VM l40s bo_env: Python 3.12.3, torch 2.4.1+cu121 (CPU), botorch 0.10.0, gpytorch 1.11, numpy 2.0.2, scipy 1.13.1, scikit-learn 1.6.1, pandas 2.3.3 and SLURM paper_v1_py39: Python 3.9, numpy 1.26.4, same torch/botorch/gpytorch/scipy versions (per the 2026-09-08 package notes; not re-verified here)",2026-09-08 01:44-07:12,"verified; 1,846 runs present in both environments are bit-identical (final regret and AUC)",Matbench-Gap evaluated at B = 20 in the SI figures (never extended)
E13_gp_greedy,"SI Fig. 1 (MFGP greedy control), Results 2.4","Branin-Fav, Branin-Unfav, Park-Fav, Park-Unfav, COFs, FreeSolv, Polarizability, HOPV15, Matbench-Gap",MFGP,42-81,40/40,none,as E01,as E01,"FPS over the pool (seeded); n_hf = max(2, int(0.05 B_cfg)), n_lf = max(2, int(0.05 B_cfg / rho)) with B_cfg the pool budget of pools.py (Branin/Park/FreeSolv 50, COFs/Polarizability/HOPV15 30, Matbench-Gap 20): 2 HF + 25/5/25/5/23/25/8/15/20 LF = 3.0-4.5 units",LF query argmin posterior mean (GP_ACQ=greedy); HF query argmin posterior mean,round-robin: floor(1/rho) LF queries between HF queries; surrogate refitted from scratch at every step (WARM=0),"minimisation of the HF column after negation of maximisation targets (COFs Xe/Kr selectivity, polarizability, HOPV15 PCE negated; FreeSolv HF column (stored as -dG) minimised as stored = most positive dG, optimum +3.43 kcal/mol; Matbench-Gap |gap - 1.4 eV| minimised); regret = best HF value found - pool minimum","RDKit 2D (210) or Magpie (132) descriptors standardised then PCA-10 then standardised (ChemistryBenchmark, benchmark.py); COFs 14 raw descriptors; Branin 2, Park 4 (lattice coordinates); model input dim = 10 / 14 / 2 / 4","cofs.csv 7a628137; freesolv.csv b08a83d7; polarizability.csv 8d11f6e4; hopv15.csv 05d09f51; matbench_gap.csv 61c83312; synthetic_branin_fav.csv 2c70d85a; synthetic_branin_unfav.csv f4142c4a; synthetic_park_fav.csv 0289edfa; synthetic_park_unfav.csv 378b9f83 (identical on VM, cephfs and public repo main 5c80420)",as E02,run_gp.py (42-61) / run_gp_conf.py (62-81) with GP_ACQ=greedy,,GP_ACQ=greedy python run_gp.py --models MFGP ...,"untracked in any git repository at run time; file identity by md5 in reproducibility/snapshot/md5sums.txt (run_tl.py c89da997, run_gp.py c2768e57, pools.py fe3f0523, benchmark.py 24fb817e, _shared_calibration.py 184f0b62, baselines.py c2e539eb); cephfs mirror MFBO-TL-Paper-Copy260818 (HEAD 7b9d476, unrelated commit) == VM copy for these files","/mnt/data/jaewook_mfbo/MFBO-TL-Paper/experiments/refig_20260908/results_gp/gp_greedy/cells, results_gp_conf/gp_greedy/cells",,"VM l40s bo_env: Python 3.12.3, torch 2.4.1+cu121 (CPU), botorch 0.10.0, gpytorch 1.11, numpy 2.0.2, scipy 1.13.1, scikit-learn 1.6.1, pandas 2.3.3",2026-09-08 01:44-02:41; 2026-09-09 02:11-04:27,verified,
E14_tl_ei_conf_62-81,"SI Fig. 1 (End-to-End Joint EI, seeds 62-81)","Branin-Fav, Branin-Unfav, Park-Fav, Park-Unfav, COFs, FreeSolv, Polarizability, HOPV15, Matbench-Gap",DNGOGradient (End-to-End Joint) only,62-81,20/20,none,as E01,as E01,"FPS over the pool (seeded); n_hf = max(2, int(0.05 B_cfg)), n_lf = max(2, int(0.05 B_cfg / rho)) with B_cfg the pool budget of pools.py (Branin/Park/FreeSolv 50, COFs/Polarizability/HOPV15 30, Matbench-Gap 20): 2 HF + 25/5/25/5/23/25/8/15/20 LF = 3.0-4.5 units",as E12 (EI),round-robin: floor(1/rho) LF queries between HF queries; surrogate refitted from scratch at every step (WARM=0),"minimisation of the HF column after negation of maximisation targets (COFs Xe/Kr selectivity, polarizability, HOPV15 PCE negated; FreeSolv HF column (stored as -dG) minimised as stored = most positive dG, optimum +3.43 kcal/mol; Matbench-Gap |gap - 1.4 eV| minimised); regret = best HF value found - pool minimum","RDKit 2D (210) or Magpie (132) descriptors standardised then PCA-10 then standardised (ChemistryBenchmark, benchmark.py); COFs 14 raw descriptors; Branin 2, Park 4 (lattice coordinates); model input dim = 10 / 14 / 2 / 4","cofs.csv 7a628137; freesolv.csv b08a83d7; polarizability.csv 8d11f6e4; hopv15.csv 05d09f51; matbench_gap.csv 61c83312; synthetic_branin_fav.csv 2c70d85a; synthetic_branin_unfav.csv f4142c4a; synthetic_park_fav.csv 0289edfa; synthetic_park_unfav.csv 378b9f83 (identical on VM, cephfs and public repo main 5c80420)",as E01,run_tl_conf.py LF_TARGET=hf_ei,,LF_TARGET=hf_ei python run_tl_conf.py --models DNGOGradient --seeds 62..81 --outdir results_conf,"untracked in any git repository at run time; file identity by md5 in reproducibility/snapshot/md5sums.txt (run_tl.py c89da997, run_gp.py c2768e57, pools.py fe3f0523, benchmark.py 24fb817e, _shared_calibration.py 184f0b62, baselines.py c2e539eb); cephfs mirror MFBO-TL-Paper-Copy260818 (HEAD 7b9d476, unrelated commit) == VM copy for these files",/mnt/data/jaewook_mfbo/MFBO-TL-Paper/experiments/refig_20260908/results_conf/blr_replace__hf_ei/cells,,"VM l40s bo_env: Python 3.12.3, torch 2.4.1+cu121 (CPU), botorch 0.10.0, gpytorch 1.11, numpy 2.0.2, scipy 1.13.1, scikit-learn 1.6.1, pandas 2.3.3",2026-09-09 01:22-01:35,verified,SI Fig. 1 panel j uses seeds 42-61 for the other eight TL surrogates (no 62-81 EI runs)
E15_screening_topk,"Fig. 5 a,b; Results 2.6 screening regrets; Table 1 R^2",13 pools,none (pool statistics),n/a,n/a,n/a,n/a,n/a,n/a,n/a,n/a,as the runs (pools.make_bench),n/a,"cofs.csv 7a628137; freesolv.csv b08a83d7; polarizability.csv 8d11f6e4; hopv15.csv 05d09f51; matbench_gap.csv 61c83312; synthetic_branin_fav.csv 2c70d85a; synthetic_branin_unfav.csv f4142c4a; synthetic_park_fav.csv 0289edfa; synthetic_park_unfav.csv 378b9f83 (identical on VM, cephfs and public repo main 5c80420); expt_gap_pbe.csv 1d7584d7; elastic_chgnet_shear.csv 9c8a2240; elastic_sevennet_shear.csv 87305eb4; elastic_mattersim_shear.csv e36d0b74 (VM == cephfs; copies in reproducibility/snapshot/data; NOT in the public repo)",n/a,figrepo/figures/make_b2_topk_13.py,,cd figrepo/figures && MPLBACKEND=Agg FIG_OUT=fig5_13 python make_b2_topk_13.py,make_b2_topk_13.py md5 2f1b9be7,reproducibility/values/figrepo_out/B2_topk_13_values.csv,,"VM l40s bo_env: Python 3.12.3, torch 2.4.1+cu121 (CPU), botorch 0.10.0, gpytorch 1.11, numpy 2.0.2, scipy 1.13.1, scikit-learn 1.6.1, pandas 2.3.3",2026-09-14 01:18 (style re-render; values unchanged since 2026-09-11),verified (recomputed from the pool CSVs),
E16_pools,every run; Table 1; Data availability,13 pools,n/a,n/a,n/a,n/a,n/a,n/a,n/a,n/a,n/a,see OBJ columns above,"RDKit 2D (210) or Magpie (132) descriptors standardised then PCA-10 then standardised (ChemistryBenchmark, benchmark.py); COFs 14 raw descriptors; Branin 2, Park 4 (lattice coordinates); model input dim = 10 / 14 / 2 / 4","cofs.csv 7a628137; freesolv.csv b08a83d7; polarizability.csv 8d11f6e4; hopv15.csv 05d09f51; matbench_gap.csv 61c83312; synthetic_branin_fav.csv 2c70d85a; synthetic_branin_unfav.csv f4142c4a; synthetic_park_fav.csv 0289edfa; synthetic_park_unfav.csv 378b9f83 (identical on VM, cephfs and public repo main 5c80420); expt_gap_pbe.csv 1d7584d7; elastic_chgnet_shear.csv 9c8a2240; elastic_sevennet_shear.csv 87305eb4; elastic_mattersim_shear.csv e36d0b74 (VM == cephfs; copies in reproducibility/snapshot/data; NOT in the public repo)",n/a,"benchmarks/{hopv15,matbench_gap,expt_gap_pbe,elastic_modulus}.py (RDKit/Magpie -> PCA-10); synthetic pools by src/synthetic_functions.py on uniform lattices (verified to reproduce the CSVs to 1e-15)",,python -m benchmarks.<name>,benchmarks/*.py in reproducibility/snapshot (cephfs Copy260818); the public repo holds only hopv15.py and matbench_gap.py,data/*.csv,,,COFs/FreeSolv/Polarizability from chem-MFBO (Sabanza-Gil); HOPV15/Matbench-Gap 2026-05; ExptGap-PBE 2026-09-0x; elastic pools 2026-06 (mlip_elastic),"verified identity (md5) across VM, cephfs and (9 pools) the public repo; the four new pools are not public",Park lattice 4^4 includes the boundaries; pool minima 0.4045 (Branin) and 1.09e-7 (Park) are the regret references
X01_public_results_old,NONE (previous manuscript),,,,,,,,,,,,,,,,,,,,,,,,"public MGuo-Lab/MFBO-TL main 5c80420 results/{main_9bench, main_corrected, extra_baselines, gpfamily_newbench, mfgp_greedy_*, calibration_*, acq_portfolio, flop_profile, ranking_analysis, traj_cells}: paper_v1 / fix6 runs with the constant-std greedy LF EI and (Fig. 1) joint candidate masking; superseded by E01-E14; still what the public repository serves"
X02_refig_confirm_B20,NONE,,,,,,,,,,,,,,,,,,,,,,,,"/mnt/data/jaewook_mfbo/MFBO-TL-Paper/experiments/refig_20260908/results_confirm, results_confirm_gp, results_confirm_sf: B = 20 runs of the four large pools + JARVIS-MBJ, Matbench-sub525a/b, HOPV15-far, Matbench-Gap-far (2026-09-09/11); superseded by E08 for the paper pools; the other five pools are not in the paper"
X03_variant_arms,NONE,,,,,,,,,,,,,,,,,,,,,,,,"results/blr_replace__hf_argmin__{warm,relu}, mlp_small__hf_argmin, results_conf/*__maskboth, *__initrand, results_gp_conf/gp_ei__initrand, gp_greedy__maskboth, results_nonlearn*, results_sf*: audit / board arms, not used in the manuscript"
X04_nargp,NONE,,,,,,,,,,,,,,,,,,,,,,,,"NARGP rows in results_gp, results_gp_conf, results_grid_gp*, ext_chem: excluded from every figure by the 2026-09-11 decision"
X05_ext_seeds_82-101,NONE,,,,,,,,,,,,,,,,,,,,,,,,ext_chem_20260909/results HOPV15 and Matbench-Gap seeds 82-101 (overnight phase 3): filtered out by SEEDS 42-81 in prep_candidates2.py / export_explorer.py
X06_other_campaigns,NONE,,,,,,,,,,,,,,,,,,,,,,,,"tl_ladder_20260902, cond_20260907, rho_sweep_20260904, fsraw_grid_20260908, refcompare_20260909, refgrid, fsref, diag_nargp, analysis_why_hm, phase0_20260914 (VM): exploration / audit campaigns; no manuscript number comes from them"
X07_figcand2_b20,NONE,,,,,,,,,,,,,,,,,,,,,,,,"/mnt/data/jaewook_mfbo/MFBO-TL-Paper/experiments/refig_20260908/figcand2_20260911.bak_b20_20260913 (B = 20 evaluation of the four large pools) and the STALE cephfs copy MFBO-TL-Paper-Copy260818/experiments/refig_20260908/figcand2_20260911 (same B = 20 state, fig1_attainment.py/fig2_trajectories.py/prep_candidates2.py not mirrored): superseded by the VM figcand2_20260911 (2026-09-13 21:51) and by figcand2_20260914_exact"
